track_id,race_date,race_number,distance_id,course_type,track_condition,run_up_distance,race_type,purse,post_time
AQU,1/1/2019,1,650,D,MY ,36,AOC,80000,1220
AQU,1/1/2019,2,600,D,MY ,48,MCL,41000,1250
AQU,1/1/2019,3,550,D,MY ,54,MCL,35000,121
AQU,1/1/2019,4,900,D,MY ,101,AOC,80000,150
AQU,1/1/2019,5,700,D,MY ,60,ALW,64000,220
AQU,1/1/2019,6,600,D,MY ,48,MCL,46000,251
AQU,1/1/2019,7,650,D,GD ,36,AOC,67000,323
AQU,1/1/2019,8,800,D,GD ,54,STK,150000,350
AQU,1/1/2019,9,600,D,GD ,48,CLM,25000,420
AQU,1/4/2019,1,800,D,FT ,54,MSW,68000,1250
AQU,1/4/2019,2,700,D,FT ,45,MSW,68000,122
AQU,1/4/2019,3,600,D,FT ,48,CLM,28000,157
AQU,1/4/2019,4,700,D,FT ,45,MCL,46000,227
AQU,1/4/2019,5,900,D,FT ,72,CLM,46000,300
AQU,1/4/2019,6,800,D,FT ,54,CLM,32000,331
AQU,1/4/2019,7,900,D,FT ,98,AOC,67000,359
AQU,1/4/2019,8,600,D,FT ,48,MCL,30000,428
AQU,1/5/2019,1,800,D,SY ,54,MCL,33000,1226
AQU,1/5/2019,2,800,D,SY ,54,STR,55000,1256
AQU,1/5/2019,3,800,D,SY ,54,MSW,60000,126
AQU,1/5/2019,4,650,D,SY ,32,MSW,60000,158
AQU,1/5/2019,5,650,D,SY ,32,AOC,75000,226
AQU,1/5/2019,6,550,D,SY ,52,MSW,60000,258
AQU,1/5/2019,7,600,D,SY ,48,ALW,70000,327
AQU,1/5/2019,8,700,D,SY ,45,STK,100000,358
AQU,1/5/2019,9,900,D,SY ,96,CLM,28000,428
AQU,1/6/2019,1,800,D,MY ,54,CLM,43000,1250
AQU,1/6/2019,2,550,D,MY ,52,CLM,36000,122
AQU,1/6/2019,3,650,D,MY ,32,MCL,41000,155
AQU,1/6/2019,4,800,D,MY ,54,SOC,60000,226
AQU,1/6/2019,5,800,D,MY ,54,MCL,35000,257
AQU,1/6/2019,6,650,D,MY ,32,CLM,36000,327
AQU,1/6/2019,7,600,D,MY ,45,AOC,64000,358
AQU,1/6/2019,8,700,D,MY ,45,AOC,67000,428
AQU,1/10/2019,1,800,D,FT ,54,STR,55000,1250
AQU,1/10/2019,2,900,D,FT ,101,MSW,60000,122
AQU,1/10/2019,3,800,D,FT ,54,MCL,30000,200
AQU,1/10/2019,4,600,D,FT ,48,MSW,68000,229
AQU,1/10/2019,5,600,D,FT ,48,CLM,42000,257
AQU,1/11/2019,1,800,D,FT ,54,MSW,68000,1250
AQU,1/11/2019,2,800,D,FT ,54,CLM,36000,122
AQU,1/11/2019,3,600,D,FT ,52,MSW,60000,155
AQU,1/11/2019,4,800,D,FT ,54,AOC,70000,227
AQU,1/11/2019,5,600,D,FT ,52,MSW,60000,258
AQU,1/11/2019,6,550,D,FT ,60,CLM,46000,327
AQU,1/11/2019,7,700,D,FT ,44,ALW,64000,359
AQU,1/11/2019,8,650,D,FT ,33,MCL,33000,429
AQU,1/12/2019,1,650,D,FT ,32,MCL,35000,1228
AQU,1/12/2019,2,550,D,FT ,54,CLM,32000,100
AQU,1/12/2019,3,650,D,FT ,32,STR,55000,130
AQU,1/12/2019,4,650,D,FT ,32,MCL,35000,202
AQU,1/12/2019,5,600,D,FT ,45,CLM,28000,231
AQU,1/12/2019,6,600,D,FT ,45,CLM,32000,300
AQU,1/12/2019,7,800,D,FT ,54,ALW,70000,331
AQU,1/12/2019,8,700,D,FT ,45,STK,100000,402
AQU,1/12/2019,9,800,D,FT ,54,MCL,33000,432
AQU,1/13/2019,1,550,D,FT ,63,MSW,68000,1251
AQU,1/13/2019,2,900,D,FT ,84,AOC,75000,122
AQU,1/13/2019,3,650,D,FT ,45,CLM,42000,157
AQU,1/13/2019,4,550,D,FT ,63,MCL,35000,226
AQU,1/13/2019,5,600,D,FT ,48,CLM,28000,259
AQU,1/13/2019,6,800,D,FT ,54,MSW,68000,330
AQU,1/13/2019,7,650,D,FT ,45,STK,100000,400
AQU,1/13/2019,8,600,D,FT ,48,CLM,28000,430
AQU,1/18/2019,1,600,D,FT ,48,STR,55000,1251
AQU,1/18/2019,2,600,D,FT ,48,SOC,60000,123
AQU,1/18/2019,3,600,D,FT ,48,MCL,33000,156
AQU,1/18/2019,4,800,D,FT ,54,CLM,57000,227
AQU,1/18/2019,5,800,D,FT ,54,MCL,35000,257
AQU,1/18/2019,6,800,D,FT ,54,CLM,42000,327
AQU,1/18/2019,7,650,D,FT ,34,AOC,70000,358
AQU,1/18/2019,8,600,D,FT ,48,CLM,37000,428
AQU,1/19/2019,1,600,D,FT ,36,MSW,68000,1229
AQU,1/19/2019,2,900,D,FT ,99,CLM,28000,101
AQU,1/19/2019,3,700,D,FT ,40,CLM,50000,132
AQU,1/19/2019,4,800,D,FT ,54,MCL,41000,201
AQU,1/19/2019,5,700,D,FT ,40,STK,100000,229
AQU,1/19/2019,6,800,D,FT ,54,CLM,28000,301
AQU,1/19/2019,7,600,D,FT ,36,CLM,46000,330
AQU,1/19/2019,8,900,D,FT ,99,AOC,64000,400
AQU,1/19/2019,9,800,D,FT ,54,CLM,25000,430
AQU,1/20/2019,1,900,D,SY ,101,MCL,35000,1250
AQU,1/20/2019,2,800,D,SY ,54,AOC,64000,119
AQU,1/20/2019,3,550,D,SY ,52,MCL,35000,147
AQU,1/20/2019,4,600,D,SY ,48,CLM,43000,217
AQU,1/20/2019,5,700,D,SY ,45,MSW,60000,245
AQU,1/20/2019,6,600,D,SY ,48,CLM,48000,311
AQU,1/20/2019,7,900,D,SY ,101,STK,100000,339
AQU,1/20/2019,8,550,D,SY ,52,MCL,35000,407
AQU,1/25/2019,1,600,D,MY ,45,MCL,41000,1225
AQU,1/25/2019,2,600,D,MY ,45,AOC,67000,1256
AQU,1/25/2019,3,600,D,MY ,45,MSW,60000,127
AQU,1/25/2019,4,600,D,MY ,45,MCL,30000,158
AQU,1/25/2019,5,800,D,GD ,52,CLM,20000,227
AQU,1/25/2019,6,800,D,GD ,52,MCL,35000,258
AQU,1/25/2019,7,800,D,GD ,52,AOC,67000,328
AQU,1/25/2019,8,700,D,GD ,44,STK,100000,401
AQU,1/25/2019,9,550,D,GD ,51,CLM,28000,429
AQU,1/26/2019,1,800,D,FT ,54,AOC,67000,1225
AQU,1/26/2019,2,650,D,FT ,30,MCL,35000,1255
AQU,1/26/2019,3,800,D,FT ,54,AOC,64000,128
AQU,1/26/2019,4,600,D,FT ,48,SOC,60000,156
AQU,1/26/2019,5,550,D,FT ,52,MSW,60000,227
AQU,1/26/2019,6,650,D,FT ,30,ALW,70000,253
AQU,1/26/2019,7,800,D,FT ,54,CLM,28000,323
AQU,1/26/2019,8,900,D,FT ,92,STK,100000,351
AQU,1/26/2019,9,800,D,FT ,54,CLM,40000,420
AQU,1/26/2019,10,800,D,FT ,54,MCL,33000,449
AQU,1/27/2019,1,600,D,FT ,45,MSW,68000,1227
AQU,1/27/2019,2,800,D,FT ,54,CLM,43000,1259
AQU,1/27/2019,3,600,D,FT ,45,MCL,35000,133
AQU,1/27/2019,4,950,D,FT ,52,SHP,50000,203
AQU,1/27/2019,5,600,D,FT ,45,AOC,67000,232
AQU,1/27/2019,6,600,D,FT ,45,CLM,36000,304
AQU,1/27/2019,7,600,D,FT ,45,AOC,75000,334
AQU,1/27/2019,8,700,D,FT ,44,STK,100000,405
AQU,1/27/2019,9,800,D,FT ,54,MSW,60000,436
AQU,2/1/2019,1,600,D,FT ,48,CLM,57000,1250
AQU,2/1/2019,2,700,D,FT ,45,MSW,68000,123
AQU,2/1/2019,3,600,D,FT ,48,MCL,41000,154
AQU,2/1/2019,4,600,D,FT ,40,AOC,75000,223
AQU,2/1/2019,5,900,D,FT ,102,MCL,30000,252
AQU,2/1/2019,6,550,D,FT ,54,CLM,25000,319
AQU,2/1/2019,7,800,D,FT ,54,SOC,60000,347
AQU,2/1/2019,8,550,D,FT ,52,MCL,33000,419
AQU,2/2/2019,1,800,D,FT ,54,SHP,45000,1220
AQU,2/2/2019,2,900,D,FT ,105,MSW,68000,1251
AQU,2/2/2019,3,650,D,FT ,34,CLM,32000,121
AQU,2/2/2019,4,800,D,FT ,54,MSW,68000,151
AQU,2/2/2019,5,550,D,FT ,55,MCL,46000,232
AQU,2/2/2019,6,800,D,FT ,54,AOC,75000,300
AQU,2/2/2019,7,600,D,FT ,42,CLM,20000,330
AQU,2/2/2019,8,800,D,FT ,54,AOC,64000,400
AQU,2/2/2019,9,900,D,FT ,98,STK,250000,431
AQU,2/2/2019,10,650,D,FT ,34,CLM,28000,503
AQU,2/3/2019,1,800,D,FT ,54,ALW,70000,1250
AQU,2/3/2019,2,600,D,FT ,40,MSW,68000,120
AQU,2/3/2019,3,600,D,FT ,34,CLM,46000,150
AQU,2/3/2019,4,650,D,FT ,36,MSW,60000,223
AQU,2/3/2019,5,600,D,FT ,34,AOC,64000,252
AQU,2/3/2019,6,650,D,FT ,36,MSW,60000,326
AQU,2/3/2019,7,700,D,FT ,46,CLM,36000,358
AQU,2/3/2019,8,900,D,FT ,98,STK,100000,429
AQU,2/3/2019,9,600,D,FT ,40,STR,55000,458
AQU,2/7/2019,1,700,D,MY ,44,CLM,28000,1251
AQU,2/7/2019,2,600,D,MY ,45,MCL,30000,125
AQU,2/7/2019,3,700,D,MY ,44,MSW,60000,153
AQU,2/7/2019,4,600,D,MY ,45,CLM,28000,226
AQU,2/7/2019,5,800,D,MY ,52,AOC,64000,258
AQU,2/7/2019,6,650,D,MY ,48,WCL,37000,330
AQU,2/7/2019,7,800,D,MY ,52,AOC,80000,359
AQU,2/7/2019,8,800,D,MY ,52,CLM,16000,433
AQU,2/8/2019,1,800,D,SY ,54,MCL,35000,1250
AQU,2/8/2019,2,700,D,SY ,44,CLM,44000,122
AQU,2/8/2019,3,600,D,SY ,48,CLM,46000,156
AQU,2/8/2019,4,600,D,SY ,48,MCL,46000,226
AQU,2/8/2019,5,800,D,SY ,54,MSW,60000,257
AQU,2/8/2019,6,650,D,SY ,45,STR,55000,329
AQU,2/8/2019,7,600,D,SY ,48,ALW,64000,400
AQU,2/8/2019,8,600,D,SY ,48,MCL,35000,433
AQU,2/9/2019,1,650,D,FT ,45,MSW,68000,1250
AQU,2/9/2019,2,700,D,FT ,44,CLM,20000,124
AQU,2/9/2019,3,900,D,FT ,84,CLM,25000,156
AQU,2/9/2019,4,650,D,FT ,45,MCL,33000,228
AQU,2/9/2019,5,600,D,FT ,50,ALW,70000,301
AQU,2/9/2019,6,600,D,FT ,50,MCL,35000,335
AQU,2/9/2019,7,700,D,FT ,44,SOC,60000,405
AQU,2/9/2019,8,700,D,FT ,44,STK,150000,433
AQU,2/9/2019,9,600,D,FT ,50,MCL,35000,504
AQU,2/10/2019,1,700,D,FT ,45,MCL,30000,1250
AQU,2/10/2019,2,900,D,FT ,92,CLM,28000,125
AQU,2/10/2019,3,800,D,FT ,54,MCL,35000,157
AQU,2/10/2019,4,550,D,FT ,51,ALW,64000,228
AQU,2/10/2019,5,800,D,FT ,54,MCL,46000,300
AQU,2/10/2019,6,600,D,FT ,54,CLM,43000,329
AQU,2/10/2019,7,700,D,FT ,45,CLM,55000,359
AQU,2/10/2019,8,800,D,FT ,54,STK,100000,446
AQU,2/15/2019,1,800,D,FT ,54,MSW,68000,1250
AQU,2/15/2019,2,800,D,FT ,54,MCL,33000,122
AQU,2/15/2019,3,800,D,FT ,54,CLM,50000,154
AQU,2/15/2019,4,550,D,FT ,44,MCL,35000,227
AQU,2/15/2019,5,600,D,FT ,45,CLM,28000,301
AQU,2/15/2019,6,600,D,FT ,45,MCL,46000,334
AQU,2/15/2019,7,800,D,FT ,54,AOC,75000,408
AQU,2/15/2019,8,600,D,FT ,45,CLM,28000,441
AQU,2/16/2019,1,700,D,FT ,44,MSW,60000,1251
AQU,2/16/2019,2,700,D,FT ,44,AOC,67000,122
AQU,2/16/2019,3,650,D,FT ,38,CLM,46000,154
AQU,2/16/2019,4,800,D,FT ,54,MSW,60000,227
AQU,2/16/2019,5,600,D,FT ,48,CLM,16000,300
AQU,2/16/2019,6,800,D,FT ,54,CLM,28000,334
AQU,2/16/2019,7,600,D,FT ,48,ALW,70000,408
AQU,2/16/2019,8,600,D,FT ,48,STK,100000,442
AQU,2/16/2019,9,800,D,FT ,54,MCL,35000,512
AQU,2/17/2019,1,650,D,FT ,40,MSW,68000,1251
AQU,2/17/2019,2,800,D,FT ,54,CLM,37000,125
AQU,2/17/2019,3,800,D,FT ,54,MCL,46000,157
AQU,2/17/2019,4,900,D,FT ,96,AOC,67000,230
AQU,2/17/2019,5,600,D,FT ,48,MSW,60000,304
AQU,2/17/2019,6,700,D,FT ,44,CLM,50000,337
AQU,2/17/2019,7,800,D,FT ,54,STK,100000,410
AQU,2/17/2019,8,600,D,FT ,48,MSW,60000,443
AQU,2/18/2019,1,700,D,FT ,44,MCL,35000,1251
AQU,2/18/2019,2,900,D,FT ,96,CLM,28000,121
AQU,2/18/2019,3,800,D,FT ,54,MCL,33000,153
AQU,2/18/2019,4,800,D,FT ,54,STR,55000,223
AQU,2/18/2019,5,800,D,FT ,54,MSW,68000,255
AQU,2/18/2019,6,800,D,FT ,54,AOC,64000,326
AQU,2/18/2019,7,600,D,FT ,54,AOC,64000,356
AQU,2/18/2019,8,600,D,FT ,54,STK,100000,430
AQU,2/18/2019,9,650,D,FT ,45,CLM,36000,503
AQU,2/21/2019,1,900,D,SY ,94,MCL,33000,1250
AQU,2/21/2019,2,800,D,SY ,54,MSW,68000,122
AQU,2/21/2019,3,800,D,SY ,54,CLM,36000,154
AQU,2/21/2019,4,650,D,SY ,38,MCL,46000,228
AQU,2/21/2019,5,650,D,SY ,38,MCL,41000,301
AQU,2/21/2019,6,800,D,SY ,54,CLM,43000,333
AQU,2/21/2019,7,700,D,SY ,45,SOC,60000,408
AQU,2/21/2019,8,800,D,SY ,54,ALW,70000,440
AQU,2/22/2019,1,700,D,MY ,44,MSW,60000,1250
AQU,2/22/2019,2,600,D,GD ,44,CLM,25000,122
AQU,2/22/2019,3,600,D,GD ,44,AOC,70000,154
AQU,2/22/2019,4,650,D,GD ,38,MCL,46000,227
AQU,2/22/2019,5,800,D,GD ,54,MCL,30000,300
AQU,2/22/2019,6,800,D,GD ,54,CLM,40000,333
AQU,2/22/2019,7,900,D,GD ,96,CLM,60000,409
AQU,2/22/2019,8,600,D,GD ,44,CLM,28000,440
AQU,2/23/2019,1,800,D,FT ,54,CLM,36000,1250
AQU,2/23/2019,2,600,D,FT ,45,MSW,60000,121
AQU,2/23/2019,3,700,D,FT ,44,AOC,67000,151
AQU,2/23/2019,4,600,D,FT ,45,MSW,60000,226
AQU,2/23/2019,5,600,D,FT ,45,ALW,64000,253
AQU,2/23/2019,6,650,D,FT ,36,MSW,68000,325
AQU,2/23/2019,7,700,D,FT ,44,AOC,75000,357
AQU,2/23/2019,8,600,D,FT ,45,STK,100000,426
AQU,2/23/2019,9,600,D,FT ,45,CLM,25000,457
AQU,2/24/2019,1,550,D,SY ,48,MSW,68000,1251
AQU,2/24/2019,2,700,D,SY ,52,CLM,37000,123
AQU,2/24/2019,3,600,D,SY ,50,CLM,36000,155
AQU,2/24/2019,4,800,D,SY ,54,CLM,48000,225
AQU,2/24/2019,5,550,D,SY ,48,CLM,28000,256
AQU,2/24/2019,6,700,D,SY ,52,AOC,75000,330
AQU,2/24/2019,7,900,D,SY ,92,AOC,64000,358
AQU,2/24/2019,8,600,D,SY ,50,MCL,33000,429
AQU,2/28/2019,1,650,D,FT ,36,MCL,30000,1250
AQU,2/28/2019,2,800,D,FT ,54,STR,55000,122
AQU,2/28/2019,3,800,D,FT ,54,MSW,60000,154
AQU,2/28/2019,4,800,D,FT ,54,SOC,60000,227
AQU,2/28/2019,5,800,D,FT ,54,MCL,46000,301
AQU,2/28/2019,6,800,D,FT ,54,CLM,16000,334
AQU,2/28/2019,7,650,D,FT ,36,STR,55000,408
AQU,2/28/2019,8,800,D,FT ,54,MCL,35000,441
AQU,3/1/2019,1,600,D,FT ,45,CLM,55000,1250
AQU,3/1/2019,2,800,D,FT ,54,STR,48000,126
AQU,3/1/2019,3,600,D,FT ,45,MCL,35000,200
AQU,3/1/2019,4,800,D,FT ,54,MSW,60000,230
AQU,3/1/2019,5,600,D,FT ,45,CLM,43000,303
AQU,3/1/2019,6,600,D,FT ,45,MCL,35000,335
AQU,3/1/2019,7,800,D,FT ,54,AOC,64000,407
AQU,3/1/2019,8,600,D,FT ,45,CLM,46000,439
AQU,3/2/2019,1,650,D,GD ,38,MCL,35000,1251
AQU,3/2/2019,2,600,D,FT ,45,STR,55000,128
AQU,3/2/2019,3,600,D,FT ,45,CLM,42000,159
AQU,3/2/2019,4,550,D,FT ,52,MCL,35000,230
AQU,3/2/2019,5,600,D,FT ,45,CLM,28000,312
AQU,3/2/2019,6,550,D,FT ,52,MCL,35000,347
AQU,3/2/2019,7,600,D,FT ,45,ALW,64000,416
AQU,3/2/2019,8,1050,D,FT ,36,STK,100000,450
AQU,3/2/2019,9,800,D,FT ,54,CLM,25000,522
AQU,3/3/2019,1,600,D,FT ,48,MSW,68000,1250
AQU,3/3/2019,2,600,D,FT ,48,MCL,33000,125
AQU,3/3/2019,3,600,D,FT ,48,CLM,48000,156
AQU,3/3/2019,4,650,D,FT ,36,MCL,46000,229
AQU,3/3/2019,5,550,D,FT ,50,MSW,60000,258
AQU,3/3/2019,6,600,D,FT ,48,CLM,46000,327
AQU,3/3/2019,7,600,D,FT ,48,STR,55000,357
AQU,3/3/2019,8,700,D,FT ,45,ALW,70000,428
AQU,3/8/2019,1,550,D,FT ,45,MSW,68000,1250
AQU,3/8/2019,2,800,D,FT ,54,AOC,75000,125
AQU,3/8/2019,3,700,D,FT ,44,MCL,46000,200
AQU,3/8/2019,4,600,D,FT ,45,MCL,46000,229
AQU,3/8/2019,5,600,D,FT ,45,AOC,67000,304
AQU,3/8/2019,6,800,D,FT ,54,CLM,28000,338
AQU,3/8/2019,7,600,D,FT ,45,CLM,43000,412
AQU,3/8/2019,8,800,D,FT ,54,MCL,35000,444
AQU,3/9/2019,1,600,D,FT ,45,MSW,60000,1221
AQU,3/9/2019,2,800,D,FT ,52,CLM,36000,1252
AQU,3/9/2019,3,600,D,FT ,45,MCL,35000,125
AQU,3/9/2019,4,900,D,FT ,80,STR,60000,157
AQU,3/9/2019,5,800,D,FT ,54,ALW,64000,232
AQU,3/9/2019,6,650,D,FT ,32,CLM,28000,307
AQU,3/9/2019,7,650,D,FT ,32,CLM,52000,338
AQU,3/9/2019,8,600,D,FT ,45,STK,200000,409
AQU,3/9/2019,9,800,D,FT ,54,STK,150000,440
AQU,3/9/2019,10,800,D,FT ,54,STK,300000,511
AQU,3/9/2019,11,800,D,FT ,54,STK,250000,544
AQU,3/10/2019,1,800,D,SY ,54,MCL,46000,131
AQU,3/10/2019,2,800,D,SY ,54,CLM,28000,202
AQU,3/10/2019,3,700,D,SY ,45,AOC,70000,234
AQU,3/10/2019,4,800,D,SY ,54,CLM,32000,306
AQU,3/10/2019,5,600,D,SY ,50,WCL,40000,338
AQU,3/10/2019,6,800,D,SY ,54,MSW,68000,412
AQU,3/10/2019,7,700,D,SY ,45,ALW,70000,443
AQU,3/10/2019,8,800,D,SY ,54,STK,150000,519
AQU,3/10/2019,9,900,D,SY ,82,CLM,28000,551
AQU,3/15/2019,1,800,D,FT ,54,MCL,33000,130
AQU,3/15/2019,2,900,D,FT ,88,ALW,70000,205
AQU,3/15/2019,3,600,D,FT ,45,MSW,60000,240
AQU,3/15/2019,4,800,D,FT ,54,MSW,60000,316
AQU,3/15/2019,5,600,D,FT ,45,CLM,36000,349
AQU,3/15/2019,6,800,D,FT ,54,MCL,35000,422
AQU,3/15/2019,7,600,D,FT ,45,SOC,60000,452
AQU,3/15/2019,8,800,D,FT ,54,AOC,67000,524
AQU,3/15/2019,9,700,D,FT ,44,CLM,32000,555
AQU,3/16/2019,1,800,D,FT ,54,CLM,28000,130
AQU,3/16/2019,2,800,D,FT ,54,MSW,68000,203
AQU,3/16/2019,3,600,D,FT ,45,STK,100000,240
AQU,3/16/2019,4,800,D,FT ,54,CLM,36000,320
AQU,3/16/2019,5,800,D,FT ,54,MCL,35000,404
AQU,3/16/2019,6,700,D,FT ,44,CLM,28000,433
AQU,3/16/2019,7,600,D,FT ,45,CLM,50000,505
AQU,3/16/2019,8,650,D,FT ,38,AOC,64000,540
AQU,3/16/2019,9,700,D,FT ,44,CLM,28000,612
AQU,3/17/2019,1,800,D,FT ,54,STR,55000,130
AQU,3/17/2019,2,900,D,FT ,88,MCL,30000,207
AQU,3/17/2019,3,800,D,FT ,54,STK,100000,242
AQU,3/17/2019,4,700,D,FT ,44,MSW,68000,320
AQU,3/17/2019,5,900,D,FT ,82,AOC,64000,356
AQU,3/17/2019,6,600,D,FT ,40,MSW,60000,428
AQU,3/17/2019,7,600,D,FT ,40,CLM,28000,459
AQU,3/17/2019,8,600,D,FT ,40,AOC,67000,529
AQU,3/17/2019,9,650,D,FT ,30,MCL,35000,604
AQU,3/22/2019,1,650,D,SY ,36,CLM,36000,130
AQU,3/22/2019,2,800,D,SY ,54,MCL,46000,205
AQU,3/22/2019,3,800,D,SY ,54,CLM,46000,240
AQU,3/22/2019,4,600,D,SY ,48,MCL,46000,317
AQU,3/22/2019,5,800,D,SY ,54,CLM,37000,349
AQU,3/22/2019,6,600,D,SY ,45,MCL,46000,422
AQU,3/22/2019,7,600,D,SY ,45,CLM,36000,452
AQU,3/22/2019,8,600,D,SY ,45,AOC,75000,524
AQU,3/22/2019,9,650,D,SY ,36,MSW,60000,556
AQU,3/23/2019,1,800,D,FT ,54,CLM,24000,130
AQU,3/23/2019,2,700,D,FT ,44,CLM,28000,203
AQU,3/23/2019,3,800,D,FT ,54,MSW,60000,241
AQU,3/23/2019,4,550,D,FT ,52,MCL,35000,320
AQU,3/23/2019,5,800,D,FT ,54,CLM,24000,400
AQU,3/23/2019,6,550,D,FT ,52,MCL,35000,441
AQU,3/23/2019,7,600,D,FT ,45,CLM,37000,515
AQU,3/23/2019,8,600,D,FT ,45,STK,100000,545
AQU,3/23/2019,9,600,D,FT ,45,MCL,33000,615
AQU,3/24/2019,1,600,D,FT ,45,MCL,30000,130
AQU,3/24/2019,2,650,D,FT ,36,CLM,43000,205
AQU,3/24/2019,3,550,D,FT ,52,MSW,60000,241
AQU,3/24/2019,4,600,D,FT ,45,MCL,30000,321
AQU,3/24/2019,5,600,D,FT ,45,SOC,60000,356
AQU,3/24/2019,6,800,D,FT ,54,MSW,60000,430
AQU,3/24/2019,7,700,D,FT ,44,ALW,64000,503
AQU,3/24/2019,8,800,D,FT ,54,ALW,70000,536
AQU,3/24/2019,9,800,D,FT ,54,CLM,50000,607
AQU,3/29/2019,1,800,D,FT ,54,MSW,68000,130
AQU,3/29/2019,2,600,D,FT ,45,AOC,67000,205
AQU,3/29/2019,3,800,D,FT ,54,MCL,33000,240
AQU,3/29/2019,4,600,D,FT ,45,CLM,28000,317
AQU,3/29/2019,5,700,D,FT ,44,CLM,42000,351
AQU,3/29/2019,6,550,D,FT ,48,MCL,33000,422
AQU,3/29/2019,7,700,D,FT ,44,CLM,46000,452
AQU,3/29/2019,8,800,D,FT ,54,SOC,60000,523
AQU,3/29/2019,9,800,D,FT ,54,MCL,35000,555
AQU,3/30/2019,1,700,D,FT ,44,SST,45000,130
AQU,3/30/2019,2,600,D,FT ,45,SST,55000,203
AQU,3/30/2019,3,700,D,FT ,44,SST,45000,240
AQU,3/30/2019,4,650,D,FT ,30,SST,70000,317
AQU,3/30/2019,5,800,D,FT ,54,SST,60000,347
AQU,3/30/2019,6,600,D,FT ,45,SST,55000,418
AQU,3/30/2019,7,650,D,FT ,30,SST,75000,450
AQU,3/30/2019,8,800,D,FT ,54,SST,60000,521
AQU,3/30/2019,9,1100,D,FT ,32,SST,75000,552
AQU,3/30/2019,10,700,D,FT ,44,SST,80000,624
AQU,3/31/2019,1,600,D,GD ,45,CLM,32000,130
AQU,3/31/2019,2,600,D,GD ,45,MCL,33000,205
AQU,3/31/2019,3,600,D,GD ,45,ALW,70000,240
AQU,3/31/2019,4,600,D,GD ,45,MSW,60000,320
AQU,3/31/2019,5,800,D,GD ,54,CLM,28000,357
AQU,3/31/2019,6,600,D,GD ,45,MCL,46000,429
AQU,3/31/2019,7,600,D,GD ,45,STR,55000,501
AQU,3/31/2019,8,800,D,GD ,54,STK,100000,533
AQU,3/31/2019,9,600,D,GD ,45,AOC,64000,603
AQU,4/5/2019,1,800,D,FT ,54,SOC,60000,130
AQU,4/5/2019,2,600,D,FT ,48,MSW,70000,201
AQU,4/5/2019,3,650,D,FT ,36,CLM,38000,230
AQU,4/5/2019,4,650,D,FT ,36,MCL,30000,306
AQU,4/5/2019,5,650,D,FT ,36,ALW,66000,338
AQU,4/5/2019,6,800,O,FM ,64,CLM,44000,410
AQU,4/5/2019,7,800,D,FT ,54,AOC,70000,443
AQU,4/5/2019,8,700,D,FT ,44,STK,150000,516
AQU,4/5/2019,9,800,T,FM ,63,MSW,62000,549
AQU,4/6/2019,1,600,D,FT ,45,MSW,70000,100
AQU,4/6/2019,2,550,D,FT ,56,MSW,62000,133
AQU,4/6/2019,3,600,D,FT ,45,AOC,66000,202
AQU,4/6/2019,4,700,D,FT ,44,CLM,28000,234
AQU,4/6/2019,5,850,O,FM ,22,CLM,48000,307
AQU,4/6/2019,6,700,D,FT ,45,STK,250000,338
AQU,4/6/2019,7,900,D,FT ,84,STK,150000,411
AQU,4/6/2019,8,900,D,FT ,86,STK,300000,448
AQU,4/6/2019,9,700,D,FT ,40,STK,400000,522
AQU,4/6/2019,10,900,D,FT ,95,STK,750000,601
AQU,4/6/2019,11,800,D,FT ,54,ALW,75000,641
AQU,4/7/2019,1,800,D,FT ,54,MCL,33000,130
AQU,4/7/2019,2,600,D,FT ,45,CLM,50000,200
AQU,4/7/2019,3,900,O,FM ,160,MSW,70000,230
AQU,4/7/2019,4,600,D,FT ,45,CLM,28000,303
AQU,4/7/2019,5,800,T,FM ,63,STK,100000,336
AQU,4/7/2019,6,900,O,FM ,160,MSW,70000,409
AQU,4/7/2019,7,600,D,FT ,45,ALW,75000,442
AQU,4/7/2019,8,850,T,FM ,81,ALW,75000,519
AQU,4/7/2019,9,600,D,FT ,45,MCL,35000,550
AQU,4/10/2019,1,800,D,FT ,54,MSW,70000,130
AQU,4/10/2019,2,800,D,FT ,54,CLM,28000,202
AQU,4/10/2019,3,800,D,FT ,54,CLM,46000,230
AQU,4/10/2019,4,850,T,FM ,108,CLM,38000,304
AQU,4/10/2019,5,600,D,FT ,50,AOC,70000,336
AQU,4/10/2019,6,600,O,FM ,45,MSW,62000,422
AQU,4/10/2019,7,600,D,FT ,45,CLM,28000,453
AQU,4/10/2019,8,800,T,FM ,72,AOC,75000,523
AQU,4/10/2019,9,600,O,FM ,45,MCL,41000,554
AQU,4/11/2019,1,800,D,FT ,54,MCL,30000,130
AQU,4/11/2019,2,800,D,FT ,54,MCL,52000,200
AQU,4/11/2019,3,700,D,FT ,44,CLM,50000,230
AQU,4/11/2019,4,600,O,FM ,47,MSW,70000,306
AQU,4/11/2019,5,800,D,FT ,54,AOC,66000,339
AQU,4/11/2019,6,600,O,FM ,47,ALW,75000,410
AQU,4/11/2019,7,650,D,FT ,38,CLM,36000,442
AQU,4/11/2019,8,900,T,FM ,54,AOC,80000,515
AQU,4/11/2019,9,600,O,FM ,47,MCL,41000,549
AQU,4/12/2019,1,800,D,FT ,54,ALW,75000,130
AQU,4/12/2019,2,700,D,FT ,44,MCL,46000,200
AQU,4/12/2019,3,800,T,FM ,74,AOC,80000,230
AQU,4/12/2019,4,600,O,FM ,48,MCL,41000,305
AQU,4/12/2019,5,650,D,FT ,30,MSW,62000,336
AQU,4/12/2019,6,600,O,FM ,45,ALW,66000,409
AQU,4/12/2019,7,800,D,FT ,54,CLM,28000,442
AQU,4/12/2019,8,600,O,FM ,45,ALW,66000,515
AQU,4/12/2019,9,850,T,FM ,72,MCL,41000,550
AQU,4/13/2019,1,800,D,SY ,54,AOC,80000,130
AQU,4/13/2019,2,800,D,SY ,54,CLM,57000,200
AQU,4/13/2019,3,600,O,YL ,45,STK,100000,230
AQU,4/13/2019,4,600,D,MY ,46,MCL,33000,304
AQU,4/13/2019,5,650,D,MY ,38,CLM,48000,337
AQU,4/13/2019,6,600,D,MY ,46,MSW,62000,411
AQU,4/13/2019,7,800,D,MY ,54,CLM,55000,445
AQU,4/13/2019,8,900,D,MY ,85,STK,200000,521
AQU,4/13/2019,9,600,D,MY ,46,MCL,41000,558
AQU,4/14/2019,1,800,D,FT ,54,MSW,62000,130
AQU,4/14/2019,2,600,D,FT ,48,SOC,55000,200
AQU,4/14/2019,3,800,T,GD ,86,STK,100000,230
AQU,4/14/2019,4,600,O,GD ,45,MSW,70000,303
AQU,4/14/2019,5,800,D,FT ,54,AOC,75000,337
AQU,4/14/2019,6,850,O,GD ,18,MCL,41000,409
AQU,4/14/2019,7,800,D,FT ,54,CLM,38000,442
AQU,4/14/2019,8,600,O,GD ,45,STK,100000,515
AQU,4/14/2019,9,850,T,GD ,76,MCL,41000,543
AQU,4/17/2019,1,450,D,FT ,76,MSW,100000,130
AQU,4/17/2019,2,700,D,FT ,44,MCL,33000,200
AQU,4/17/2019,3,850,T,GD ,90,CLM,50000,230
AQU,4/17/2019,4,600,O,GD ,60,MCL,41000,304
AQU,4/17/2019,5,600,D,FT ,48,CLM,48000,336
AQU,4/17/2019,6,700,D,FT ,44,CLM,36000,409
AQU,4/17/2019,7,600,O,GD ,60,AOC,70000,442
AQU,4/17/2019,8,650,D,FT ,38,AOC,75000,515
AQU,4/17/2019,9,600,O,GD ,60,MCL,41000,548
AQU,4/18/2019,1,550,D,FT ,52,MCL,46000,130
AQU,4/18/2019,2,600,D,FT ,47,CLM,28000,200
AQU,4/18/2019,3,850,T,FM ,82,CLM,48000,230
AQU,4/18/2019,4,800,D,FT ,54,CLM,38000,306
AQU,4/18/2019,5,850,T,FM ,82,MCL,41000,338
AQU,4/18/2019,6,600,O,FM ,63,MSW,62000,411
AQU,4/18/2019,7,650,D,FT ,38,AOC,75000,442
AQU,4/18/2019,8,600,D,FT ,47,ALW,66000,515
AQU,4/18/2019,9,600,O,FM ,63,MSW,62000,548
AQU,4/19/2019,1,450,D,FT ,72,MSW,100000,130
AQU,4/19/2019,2,700,D,FT ,44,CLM,28000,200
AQU,4/19/2019,3,850,O,FM ,22,STK,100000,230
AQU,4/19/2019,4,600,D,FT ,48,AOC,70000,303
AQU,4/19/2019,5,850,T,FM ,88,ALW,66000,337
AQU,4/19/2019,6,800,D,FT ,54,CLM,52000,409
AQU,4/19/2019,7,600,O,FM ,58,CLM,62000,442
AQU,4/19/2019,8,600,D,FT ,48,SOC,55000,516
AQU,4/19/2019,9,850,T,FM ,88,MSW,62000,549
AQU,4/20/2019,1,600,D,SY ,48,WCL,52000,130
AQU,4/20/2019,2,800,D,SY ,54,MSW,62000,201
AQU,4/20/2019,3,800,D,SY ,54,CLM,38000,236
AQU,4/20/2019,4,700,D,SY ,44,CLM,38000,306
AQU,4/20/2019,5,900,D,SY ,94,ALW,75000,338
AQU,4/20/2019,6,850,O,YL ,22,STK,100000,410
AQU,4/20/2019,7,800,D,SY ,54,ALW,66000,442
AQU,4/20/2019,8,650,D,SY ,38,STK,200000,515
AQU,4/20/2019,9,650,D,SY ,38,STK,200000,548
AQU,11/1/2019,1,650,D,MY ,36,CLM,28000,1200
AQU,11/1/2019,2,600,D,GD ,40,MCL,41000,1231
AQU,11/1/2019,3,650,D,GD ,36,CLM,38000,100
AQU,11/1/2019,4,800,D,GD ,54,MCL,41000,130
AQU,11/1/2019,5,800,D,GD ,54,AOC,70000,205
AQU,11/1/2019,6,600,D,GD ,40,MSW,62000,234
AQU,11/1/2019,7,800,D,FT ,54,ALW,75000,310
AQU,11/1/2019,8,800,D,FT ,54,ALW,66000,344
AQU,11/1/2019,9,800,D,FT ,54,STK,150000,425
AQU,11/1/2019,10,600,D,FT ,40,MSW,62000,504
AQU,11/2/2019,1,600,D,FT ,40,CLM,48000,1200
AQU,11/2/2019,2,600,O,GD ,45,MSW,62000,1231
AQU,11/2/2019,3,850,T,GD ,88,AOC,70000,100
AQU,11/2/2019,4,650,D,FT ,40,ALW,66000,131
AQU,11/2/2019,5,600,D,FT ,40,CLM,28000,207
AQU,11/2/2019,6,850,T,GD ,88,MSW,62000,243
AQU,11/2/2019,7,600,D,FT ,40,ALW,75000,315
AQU,11/2/2019,8,600,O,GD ,45,CLM,38000,351
AQU,11/2/2019,9,900,D,FT ,76,STK,150000,430
AQU,11/2/2019,10,600,D,FT ,40,MCL,41000,508
AQU,11/3/2019,1,600,D,FT ,40,MSW,70000,1200
AQU,11/3/2019,2,800,T,GD ,76,ALW,66000,1229
AQU,11/3/2019,3,650,D,FT ,38,CLM,48000,1257
AQU,11/3/2019,4,600,D,FT ,40,MSW,70000,125
AQU,11/3/2019,5,800,T,GD ,76,STK,100000,155
AQU,11/3/2019,6,600,O,GD ,64,AOC,70000,223
AQU,11/3/2019,7,800,D,FT ,54,AOC,80000,253
AQU,11/3/2019,8,1200,T,GD ,123,STK,125000,321
AQU,11/3/2019,9,800,D,FT ,54,STK,150000,351
AQU,11/3/2019,10,600,O,GD ,64,MCL,41000,421
AQU,11/7/2019,1,600,D,FT ,38,CLM,28000,1220
AQU,11/7/2019,2,600,D,FT ,38,MCL,30000,1249
AQU,11/7/2019,3,850,T,FM ,72,CLM,44000,118
AQU,11/7/2019,4,800,D,FT ,54,MSW,62000,150
AQU,11/7/2019,5,600,O,FM ,56,STR,55000,220
AQU,11/7/2019,6,1100,T,FM ,27,ALW,90000,250
AQU,11/7/2019,7,600,D,FT ,38,AOC,70000,319
AQU,11/7/2019,8,600,O,FM ,56,ALW,75000,348
AQU,11/7/2019,9,800,T,FM ,28,MCL,46000,421
AQU,11/8/2019,1,650,D,FT ,44,MSW,70000,1220
AQU,11/8/2019,2,600,D,FT ,40,CLM,28000,1249
AQU,11/8/2019,3,650,D,FT ,44,MCL,35000,117
AQU,11/8/2019,4,600,D,FT ,40,AOC,70000,149
AQU,11/8/2019,5,600,O,FM ,72,MSW,70000,220
AQU,11/8/2019,6,650,D,FT ,44,WCL,57000,249
AQU,11/8/2019,7,800,D,FT ,54,AOC,70000,317
AQU,11/8/2019,8,600,O,FM ,72,AOC,80000,348
AQU,11/8/2019,9,850,T,FM ,88,MCL,41000,418
AQU,11/9/2019,1,700,D,FT ,45,AOC,80000,1200
AQU,11/9/2019,2,800,T,FM ,20,MSW,70000,1229
AQU,11/9/2019,3,850,O,FM ,35,CLM,38000,1255
AQU,11/9/2019,4,650,D,FT ,72,CLM,28000,125
AQU,11/9/2019,5,850,T,FM ,90,MSW,70000,155
AQU,11/9/2019,6,850,O,FM ,35,AOC,80000,223
AQU,11/9/2019,7,700,D,FT ,45,STK,100000,252
AQU,11/9/2019,8,800,T,FM ,20,STK,150000,320
AQU,11/9/2019,9,600,O,FM ,56,STK,100000,351
AQU,11/9/2019,10,700,D,FT ,45,MSW,70000,420
AQU,11/10/2019,1,600,O,FM ,58,MSW,70000,1201
AQU,11/10/2019,2,850,T,FM ,88,CLM,38000,1228
AQU,11/10/2019,3,800,D,FT ,54,MSW,70000,1258
AQU,11/10/2019,4,650,D,FT ,56,CLM,46000,125
AQU,11/10/2019,5,600,O,FM ,58,ALW,66000,156
AQU,11/10/2019,6,650,D,FT ,56,MSW,62000,223
AQU,11/10/2019,7,800,D,FT ,54,ALW,75000,253
AQU,11/10/2019,8,700,D,FT ,48,STK,150000,322
AQU,11/10/2019,9,600,O,FM ,58,STK,100000,351
AQU,11/10/2019,10,850,T,FM ,88,MCL,41000,421
AQU,11/11/2019,1,850,T,FM ,88,CLM,57000,1200
AQU,11/11/2019,2,600,D,FT ,38,MCL,52000,1228
AQU,11/11/2019,3,700,D,FT ,45,CLM,32000,1255
AQU,11/11/2019,4,600,D,FT ,38,CLM,46000,124
AQU,11/11/2019,5,650,D,FT ,54,MSW,62000,154
AQU,11/11/2019,6,850,T,FM ,88,CLM,38000,223
AQU,11/11/2019,7,600,O,FM ,56,STR,55000,253
AQU,11/11/2019,8,900,D,FT ,74,MSW,70000,322
AQU,11/11/2019,9,850,T,FM ,88,AOC,70000,350
AQU,11/11/2019,10,600,O,FM ,56,MCL,41000,421
AQU,11/14/2019,1,800,D,FT ,54,MCL,33000,1221
AQU,11/14/2019,2,600,O,FM ,44,CLM,44000,1250
AQU,11/14/2019,3,700,D,FT ,48,MSW,70000,117
AQU,11/14/2019,4,850,T,FM ,96,MSW,62000,150
AQU,11/14/2019,5,800,D,FT ,54,CLM,36000,219
AQU,11/14/2019,6,600,O,FM ,44,AOC,70000,250
AQU,11/14/2019,7,800,D,FT ,54,CLM,42000,318
AQU,11/14/2019,8,800,T,FM ,70,ALW,75000,350
AQU,11/14/2019,9,600,O,FM ,44,MCL,41000,420
AQU,11/15/2019,1,800,D,FT ,54,CLM,28000,1201
AQU,11/15/2019,2,800,T,FM ,72,AOC,80000,1229
AQU,11/15/2019,3,800,D,FT ,54,MSW,70000,1256
AQU,11/15/2019,4,650,D,FT ,54,CLM,28000,129
AQU,11/15/2019,5,650,D,FT ,54,MCL,33000,203
AQU,11/15/2019,6,850,T,FM ,135,MSW,62000,229
AQU,11/15/2019,7,600,O,FM ,45,CLM,48000,256
AQU,11/15/2019,8,650,D,FT ,54,ALW,75000,324
AQU,11/15/2019,9,800,T,FM ,72,CLM,57000,354
AQU,11/15/2019,10,600,O,FM ,45,MCL,41000,424
AQU,11/16/2019,1,800,D,FT ,54,CLM,28000,1200
AQU,11/16/2019,2,850,O,FM ,171,MSW,62000,1230
AQU,11/16/2019,3,850,T,FM ,138,CLM,48000,1256
AQU,11/16/2019,4,600,D,FT ,38,MSW,70000,125
AQU,11/16/2019,5,900,O,FM ,36,ALW,66000,154
AQU,11/16/2019,6,800,T,FM ,65,MSW,70000,223
AQU,11/16/2019,7,650,D,FT ,54,ALW,66000,255
AQU,11/16/2019,8,600,D,FT ,38,STK,100000,324
AQU,11/16/2019,9,800,T,FM ,65,ALW,75000,353
AQU,11/16/2019,10,600,O,FM ,45,CLM,38000,423
AQU,11/17/2019,1,800,T,FM ,72,CLM,44000,1200
AQU,11/17/2019,2,850,O,FM ,75,MCL,41000,1229
AQU,11/17/2019,3,800,D,FT ,54,CLM,36000,102
AQU,11/17/2019,4,1100,T,FM ,48,ALW,90000,130
AQU,11/17/2019,5,600,O,FM ,45,ALW,75000,159
AQU,11/17/2019,6,800,D,FT ,54,ALW,66000,227
AQU,11/17/2019,7,850,T,FM ,138,MSW,70000,256
AQU,11/17/2019,8,600,O,FM ,45,ALW,66000,322
AQU,11/17/2019,9,600,D,FT ,40,STK,100000,351
AQU,11/17/2019,10,600,D,FT ,40,MCL,41000,421
AQU,11/20/2019,1,600,D,GD ,38,MCL,30000,1220
AQU,11/20/2019,2,600,D,GD ,38,CLM,44000,1249
AQU,11/20/2019,3,700,D,GD ,45,AOC,75000,117
AQU,11/20/2019,4,800,D,GD ,54,MSW,62000,150
AQU,11/20/2019,5,800,D,FT ,54,CLM,28000,220
AQU,11/20/2019,6,600,D,FT ,38,MCL,41000,250
AQU,11/20/2019,7,800,D,FT ,54,STR,55000,318
AQU,11/20/2019,8,700,D,FT ,45,AOC,80000,348
AQU,11/20/2019,9,600,D,FT ,38,MCL,33000,417
AQU,11/21/2019,1,600,D,FT ,40,MCL,41000,1252
AQU,11/21/2019,2,800,D,FT ,54,CLM,28000,119
AQU,11/21/2019,3,850,T,GD ,162,STR,55000,150
AQU,11/21/2019,4,600,O,GD ,48,MSW,70000,223
AQU,11/21/2019,5,700,D,FT ,45,CLM,36000,250
AQU,11/21/2019,6,850,O,GD ,41,CLM,46000,319
AQU,11/21/2019,7,850,T,GD ,162,AOC,85000,349
AQU,11/21/2019,8,600,D,FT ,40,MCL,41000,418
AQU,11/22/2019,1,600,O,GD ,58,MCL,41000,1250
AQU,11/22/2019,2,700,D,FT ,45,CLM,48000,117
AQU,11/22/2019,3,600,D,GD ,40,CLM,28000,150
AQU,11/22/2019,4,850,O,GD ,45,MSW,70000,219
AQU,11/22/2019,5,800,D,GD ,54,CLM,57000,248
AQU,11/22/2019,6,900,D,GD ,72,MSW,90000,317
AQU,11/22/2019,7,700,D,GD ,45,STR,55000,348
AQU,11/22/2019,8,650,D,GD ,48,MCL,35000,417
AQU,11/23/2019,1,600,D,FT ,40,CLM,42000,1200
AQU,11/23/2019,2,600,O,GD ,58,MSW,62000,1228
AQU,11/23/2019,3,850,T,GD ,162,ALW,66000,1255
AQU,11/23/2019,4,650,D,FT ,54,CLM,28000,123
AQU,11/23/2019,5,600,O,GD ,58,CLM,48000,152
AQU,11/23/2019,6,850,T,GD ,162,MSW,70000,223
AQU,11/23/2019,7,700,D,FT ,45,ALW,75000,253
AQU,11/23/2019,8,600,O,GD ,58,AOC,80000,322
AQU,11/23/2019,9,1100,T,GD ,72,STK,200000,353
AQU,11/23/2019,10,600,D,FT ,40,MCL,41000,417
AQU,11/24/2019,1,600,D,SY ,40,STR,55000,1220
AQU,11/24/2019,2,800,D,SY ,54,MCL,41000,1250
AQU,11/24/2019,3,800,D,SY ,54,AOC,85000,117
AQU,11/24/2019,4,700,D,SY ,45,CLM,40000,150
AQU,11/24/2019,5,600,D,SY ,40,CLM,36000,219
AQU,11/24/2019,6,600,D,SY ,40,MSW,62000,250
AQU,11/24/2019,7,800,D,SY ,54,AOC,70000,319
AQU,11/24/2019,8,700,D,SY ,45,STK,150000,348
AQU,11/24/2019,9,600,D,SY ,40,MSW,62000,418
AQU,11/27/2019,1,800,D,FT ,54,MCL,41000,1220
AQU,11/27/2019,2,800,D,FT ,54,CLM,28000,1250
AQU,11/27/2019,3,800,D,FT ,54,AOC,70000,117
AQU,11/27/2019,4,600,D,FT ,44,MCL,41000,150
AQU,11/27/2019,5,600,D,FT ,44,CLM,52000,220
AQU,11/27/2019,6,850,T,YL ,198,MSW,62000,250
AQU,11/27/2019,7,600,O,YL ,52,AOC,75000,317
AQU,11/27/2019,8,800,D,FT ,54,ALW,75000,347
AQU,11/27/2019,9,600,D,FT ,44,MCL,41000,418
AQU,11/29/2019,1,650,D,FT ,52,MSW,62000,1150
AQU,11/29/2019,2,800,T,GD ,117,CLM,44000,1220
AQU,11/29/2019,3,600,O,GD ,52,MSW,62000,1248
AQU,11/29/2019,4,600,D,FT ,45,MSW,70000,120
AQU,11/29/2019,5,850,T,GD ,192,STK,150000,150
AQU,11/29/2019,6,600,O,GD ,52,ALW,75000,220
AQU,11/29/2019,7,650,D,FT ,52,ALW,66000,248
AQU,11/29/2019,8,900,D,FT ,72,STK,200000,320
AQU,11/29/2019,9,850,O,GD ,20,STK,150000,346
AQU,11/29/2019,10,850,T,GD ,192,MCL,41000,416
AQU,11/30/2019,1,600,O,GD ,52,MSW,70000,1151
AQU,11/30/2019,2,600,D,FT ,45,CLM,52000,1226
AQU,11/30/2019,3,850,T,GD ,98,MSW,70000,1255
AQU,11/30/2019,4,600,O,GD ,52,AOC,70000,125
AQU,11/30/2019,5,650,D,FT ,54,MSW,70000,154
AQU,11/30/2019,6,850,T,GD ,98,STR,55000,221
AQU,11/30/2019,7,600,O,GD ,52,STK,125000,249
AQU,11/30/2019,8,900,D,FT ,72,STK,200000,319
AQU,11/30/2019,9,1100,T,GD ,62,STK,400000,346
AQU,11/30/2019,10,600,D,FT ,45,CLM,28000,414
AQU,12/1/2019,1,650,D,FT ,54,MCL,30000,1221
AQU,12/1/2019,2,800,D,FT ,54,CLM,38000,1250
AQU,12/1/2019,3,600,D,GD ,40,CLM,44000,116
AQU,12/1/2019,4,800,D,GD ,54,MSW,62000,147
AQU,12/5/2019,1,600,D,GD ,36,MCL,41000,1221
AQU,12/5/2019,2,800,D,GD ,54,ALW,75000,1249
AQU,12/5/2019,3,800,D,GD ,54,STK,100000,116
AQU,12/5/2019,4,800,D,GD ,54,MSW,70000,148
AQU,12/5/2019,5,600,D,GD ,36,CLM,46000,216
AQU,12/5/2019,6,600,D,GD ,36,MSW,62000,245
AQU,12/5/2019,7,800,D,GD ,54,STR,55000,315
AQU,12/5/2019,8,800,D,GD ,54,ALW,66000,345
AQU,12/5/2019,9,600,D,GD ,36,MSW,62000,414
AQU,12/6/2019,1,600,D,FT ,48,MSW,70000,1151
AQU,12/6/2019,2,800,D,FT ,54,ALW,75000,1220
AQU,12/6/2019,3,600,D,FT ,48,MSW,62000,1250
AQU,12/6/2019,4,650,D,FT ,52,CLM,28000,117
AQU,12/6/2019,5,600,D,FT ,48,MCL,35000,151
AQU,12/6/2019,6,800,D,FT ,54,CLM,32000,219
AQU,12/6/2019,7,600,D,FT ,48,ALW,66000,247
AQU,12/6/2019,8,600,D,FT ,48,AOC,70000,317
AQU,12/6/2019,9,850,T,YL ,96,STK,100000,346
AQU,12/6/2019,10,600,D,FT ,48,MCL,33000,417
AQU,12/7/2019,1,800,D,FT ,54,MSW,70000,1130
AQU,12/7/2019,2,850,T,YL ,96,STK,150000,1201
AQU,12/7/2019,3,700,D,FT ,48,CLM,40000,1230
AQU,12/7/2019,4,600,O,YL ,56,STK,125000,103
AQU,12/7/2019,5,800,D,FT ,54,MSW,70000,140
AQU,12/7/2019,6,800,D,FT ,54,STK,250000,211
AQU,12/7/2019,7,600,D,FT ,40,MSW,70000,246
AQU,12/7/2019,8,900,D,FT ,72,STK,250000,315
AQU,12/7/2019,9,900,D,FT ,70,STK,250000,345
AQU,12/7/2019,10,800,D,FT ,54,STK,750000,418
AQU,12/8/2019,1,650,D,FT ,52,MSW,70000,1152
AQU,12/8/2019,2,600,D,FT ,63,CLM,32000,1220
AQU,12/8/2019,3,850,T,GD ,96,MSW,70000,1250
AQU,12/8/2019,4,600,D,FT ,63,STK,100000,118
AQU,12/8/2019,5,600,D,FT ,40,MSW,62000,149
AQU,12/8/2019,6,600,O,GD ,56,AOC,80000,218
AQU,12/8/2019,7,600,D,FT ,40,ALW,75000,249
AQU,12/8/2019,8,900,D,FT ,72,AOC,70000,318
AQU,12/8/2019,9,600,D,FT ,40,STK,200000,347
AQU,12/8/2019,10,650,D,FT ,52,MCL,41000,414
AQU,12/12/2019,1,600,D,GD ,45,MCL,46000,1231
AQU,12/12/2019,2,800,D,GD ,54,CLM,28000,1259
AQU,12/12/2019,3,650,D,GD ,52,MSW,68000,130
AQU,12/12/2019,4,600,D,GD ,45,STR,55000,158
AQU,12/12/2019,5,800,D,GD ,54,MSW,68000,231
AQU,12/12/2019,6,700,D,GD ,48,ALW,64000,302
AQU,12/12/2019,7,800,D,GD ,54,AOC,75000,333
AQU,12/12/2019,8,800,D,GD ,54,MCL,33000,400
AQU,12/13/2019,1,800,D,GD ,54,MSW,60000,1231
AQU,12/13/2019,2,800,D,GD ,54,CLM,22000,1259
AQU,12/13/2019,3,800,D,GD ,54,CLM,36000,128
AQU,12/13/2019,4,600,D,GD ,45,CLM,28000,200
AQU,12/13/2019,5,700,D,GD ,48,MCL,33000,231
AQU,12/13/2019,6,600,D,GD ,45,CLM,42000,259
AQU,12/13/2019,7,650,D,GD ,52,AOC,67000,329
AQU,12/13/2019,8,650,D,MY ,52,MCL,46000,400
AQU,12/14/2019,1,600,D,SY ,48,MCL,30000,1231
AQU,12/14/2019,2,600,D,SY ,48,AOC,70000,100
AQU,12/14/2019,3,600,D,SY ,48,CLM,22000,128
AQU,12/14/2019,4,800,D,SY ,54,ALW,64000,155
AQU,12/14/2019,5,700,D,SY ,48,CLM,28000,223
AQU,12/14/2019,6,800,D,SY ,54,STR,55000,251
AQU,12/14/2019,7,600,D,SY ,48,ALW,70000,319
AQU,12/14/2019,8,700,D,SY ,48,STK,500000,347
AQU,12/14/2019,9,650,D,SY ,52,MCL,41000,416
AQU,12/15/2019,1,800,D,MY ,54,MSW,68000,1230
AQU,12/15/2019,2,800,D,MY ,54,CLM,31000,1259
AQU,12/15/2019,3,600,D,MY ,60,MCL,35000,127
AQU,12/15/2019,4,800,D,MY ,54,CLM,42000,156
AQU,12/15/2019,5,900,D,MY ,76,STR,55000,224
AQU,12/15/2019,6,800,D,MY ,54,CLM,40000,252
AQU,12/15/2019,7,650,D,MY ,52,AOC,67000,319
AQU,12/15/2019,8,700,D,MY ,50,STK,500000,346
AQU,12/15/2019,9,650,D,MY ,52,MCL,33000,414
AQU,12/20/2019,1,800,D,FT ,54,MCL,33000,1231
AQU,12/20/2019,2,800,D,FT ,54,CLM,28000,1259
AQU,12/20/2019,3,800,D,FT ,54,MCL,35000,128
AQU,12/20/2019,4,650,D,FT ,54,CLM,36000,159
AQU,12/20/2019,5,800,D,FT ,54,CLM,46000,229
AQU,12/20/2019,6,800,D,FT ,54,CLM,40000,259
AQU,12/20/2019,7,600,D,FT ,58,ALW,82000,328
AQU,12/20/2019,8,800,D,FT ,54,MSW,60000,359
AQU,12/21/2019,1,650,D,FT ,54,MSW,60000,1232
AQU,12/21/2019,2,800,D,FT ,54,CLM,50000,1259
AQU,12/21/2019,3,650,D,FT ,54,MCL,41000,127
AQU,12/21/2019,4,800,D,FT ,54,AOC,67000,155
AQU,12/21/2019,5,600,D,FT ,48,ALW,64000,234
AQU,12/21/2019,6,650,D,FT ,54,CLM,28000,303
AQU,12/21/2019,7,600,D,FT ,48,ALW,64000,327
AQU,12/21/2019,8,900,D,FT ,92,STK,125000,355
AQU,12/21/2019,9,600,D,FT ,48,MCL,41000,421
AQU,12/22/2019,1,800,D,FT ,54,MSW,60000,1201
AQU,12/22/2019,2,800,D,FT ,54,AOC,75000,1230
AQU,12/22/2019,3,600,D,FT ,52,MSW,68000,1258
AQU,12/22/2019,4,600,D,FT ,52,CLM,31000,130
AQU,12/22/2019,5,650,D,FT ,54,MCL,35000,156
AQU,12/22/2019,6,800,D,FT ,54,AOC,67000,223
AQU,12/22/2019,7,650,D,FT ,54,CLM,55000,251
AQU,12/22/2019,8,800,D,FT ,54,ALW,70000,319
AQU,12/22/2019,9,600,D,FT ,52,STK,100000,347
AQU,12/22/2019,10,650,D,FT ,54,CLM,36000,416
AQU,12/28/2019,1,600,D,FT ,40,MSW,60000,1230
AQU,12/28/2019,2,650,D,FT ,52,CLM,36000,1259
AQU,12/28/2019,3,700,D,FT ,50,MSW,68000,127
AQU,12/28/2019,4,900,D,FT ,82,STK,100000,157
AQU,12/28/2019,5,650,D,FT ,52,CLM,46000,223
AQU,12/28/2019,6,650,D,FT ,52,MSW,60000,252
AQU,12/28/2019,7,600,D,FT ,40,AOC,75000,319
AQU,12/28/2019,8,600,D,FT ,40,ALW,64000,348
AQU,12/28/2019,9,600,D,FT ,40,MCL,33000,415
AQU,12/29/2019,1,800,D,FT ,54,CLM,36000,1231
AQU,12/29/2019,2,600,D,FT ,52,AOC,64000,1258
AQU,12/29/2019,3,800,D,FT ,54,MSW,60000,127
AQU,12/29/2019,4,700,D,FT ,48,CLM,37000,157
AQU,12/29/2019,5,800,D,FT ,54,MSW,60000,229
AQU,12/29/2019,6,800,D,FT ,54,ALW,64000,258
AQU,12/29/2019,7,700,D,FT ,48,ALW,70000,322
AQU,12/29/2019,8,900,D,FT ,82,STK,100000,350
AQU,12/29/2019,9,800,D,FT ,54,MCL,35000,419
AQU,12/30/2019,1,700,D,SY ,48,MCL,41000,1230
AQU,12/30/2019,2,800,D,SY ,54,CLM,46000,100
AQU,12/30/2019,3,800,D,SY ,54,MSW,68000,129
AQU,12/30/2019,4,800,D,SY ,54,CLM,22000,200
AQU,12/30/2019,5,650,D,SY ,52,CLM,46000,230
AQU,12/30/2019,6,650,D,SY ,52,AOC,75000,259
AQU,12/30/2019,7,600,D,SY ,45,ALW,82000,328
AQU,12/30/2019,8,700,D,SY ,48,MCL,41000,359
AQU,12/31/2019,1,800,D,SY ,54,MCL,46000,1231
AQU,12/31/2019,2,650,D,SY ,50,CLM,31000,1258
AQU,12/31/2019,3,900,D,SY ,82,MSW,68000,132
AQU,12/31/2019,4,650,D,SY ,50,CLM,46000,203
AQU,12/31/2019,5,800,D,SY ,54,CLM,36000,235
AQU,12/31/2019,6,700,D,SY ,48,ALW,64000,304
AQU,12/31/2019,7,900,D,SY ,82,ALW,70000,334
AQU,12/31/2019,8,600,D,SY ,45,MCL,33000,405
BEL,4/26/2019,1,600,D,MY ,63,CLM,28000,130
BEL,4/26/2019,2,600,D,SY ,63,CLM,60000,223
BEL,4/26/2019,3,800,D,SY ,45,ALW,82000,253
BEL,4/26/2019,4,850,D,SY ,56,MCL,41000,328
BEL,4/26/2019,5,700,D,SY ,45,SOC,55000,405
BEL,4/26/2019,6,900,D,SY ,20,MSW,90000,437
BEL,4/26/2019,7,650,D,SY ,48,ALW,82000,509
BEL,4/26/2019,8,600,D,SY ,63,STK,100000,541
BEL,4/26/2019,9,700,D,SY ,45,ALW,66000,613
BEL,4/27/2019,1,600,D,GD ,64,CLM,50000,131
BEL,4/27/2019,2,850,D,FT ,45,MCL,41000,202
BEL,4/27/2019,3,700,D,FT ,48,AOC,85000,234
BEL,4/27/2019,4,600,D,FT ,54,MSW,62000,309
BEL,4/27/2019,5,600,D,FT ,54,CLM,42000,340
BEL,4/27/2019,6,800,D,FT ,46,ALW,82000,412
BEL,4/27/2019,7,850,D,FT ,45,CLM,32000,445
BEL,4/27/2019,8,850,I,YL ,56,MSW,80000,518
BEL,4/27/2019,9,700,T,YL ,126,STK,125000,551
BEL,4/27/2019,10,600,D,FT ,54,CLM,28000,624
BEL,4/28/2019,1,800,D,FT ,50,MCL,33000,130
BEL,4/28/2019,2,850,D,FT ,45,CLM,50000,202
BEL,4/28/2019,3,600,D,FT ,52,MCL,41000,236
BEL,4/28/2019,4,1000,I,YL ,93,ALW,90000,308
BEL,4/28/2019,5,600,D,FT ,52,CLM,28000,340
BEL,4/28/2019,6,800,T,YL ,112,AOC,70000,412
BEL,4/28/2019,7,700,D,FT ,41,MSW,80000,446
BEL,4/28/2019,8,600,D,FT ,52,ALW,66000,518
BEL,4/28/2019,9,600,I,YL ,135,STK,125000,551
BEL,4/28/2019,10,800,D,FT ,50,MSW,62000,624
BEL,5/2/2019,1,500,D,FT ,108,MSW,100000,132
BEL,5/2/2019,2,850,I,GD ,76,STR,55000,204
BEL,5/2/2019,3,500,T,GD ,81,MSW,80000,237
BEL,5/2/2019,4,800,D,FT ,52,AOC,85000,308
BEL,5/2/2019,5,800,T,GD ,112,CLM,60000,340
BEL,5/2/2019,6,600,I,GD ,98,MCL,41000,412
BEL,5/2/2019,7,650,D,FT ,63,CLM,50000,445
BEL,5/2/2019,8,700,D,FT ,46,AOC,87000,518
BEL,5/2/2019,9,700,T,GD ,65,MSW,62000,551
BEL,5/3/2019,1,850,D,FT ,45,MSW,80000,130
BEL,5/3/2019,2,800,T,GD ,112,CLM,39000,204
BEL,5/3/2019,3,850,D,FT ,45,MCL,41000,237
BEL,5/3/2019,4,600,I,YL ,96,MCL,41000,309
BEL,5/4/2019,1,600,D,SY ,48,CLM,28000,1200
BEL,5/4/2019,2,600,D,SY ,48,MCL,41000,1231
BEL,5/4/2019,3,600,D,SY ,48,CLM,36000,108
BEL,5/4/2019,4,1100,T,SF ,90,STK,200000,139
BEL,5/4/2019,5,600,D,SY ,48,MSW,80000,209
BEL,5/4/2019,6,650,D,SY ,46,AOC,85000,240
BEL,5/4/2019,7,850,D,SY ,44,CLM,50000,312
BEL,5/4/2019,8,600,D,SY ,48,MSW,62000,349
BEL,5/4/2019,9,700,D,SY ,45,ALW,66000,421
BEL,5/4/2019,10,900,I,SF ,175,STK,150000,456
BEL,5/4/2019,11,800,D,SY ,52,STK,200000,540
BEL,5/4/2019,12,650,D,SY ,46,MCL,33000,624
BEL,5/5/2019,1,850,D,SY ,44,CLM,28000,130
BEL,5/5/2019,2,850,D,SY ,44,MCL,41000,206
BEL,5/5/2019,3,600,D,SY ,54,CLM,44000,237
BEL,5/5/2019,4,800,D,SY ,54,MSW,62000,311
BEL,5/5/2019,5,850,D,SY ,44,AOC,82000,341
BEL,5/5/2019,6,650,D,SY ,48,MCL,30000,412
BEL,5/5/2019,7,850,D,SY ,44,ALW,66000,445
BEL,5/5/2019,8,800,D,SY ,54,STK,250000,518
BEL,5/5/2019,9,600,D,SY ,54,MSW,80000,552
BEL,5/9/2019,1,800,T,GD ,162,AOC,85000,305
BEL,5/9/2019,2,500,D,FT ,126,MSW,62000,339
BEL,5/9/2019,3,1000,I,GD ,94,MSW,90000,409
BEL,5/9/2019,4,800,T,GD ,162,CLM,60000,440
BEL,5/9/2019,5,700,D,FT ,40,AOC,70000,510
BEL,5/9/2019,6,600,D,FT ,60,CLM,32000,545
BEL,5/9/2019,7,700,T,GD ,82,MSW,80000,614
BEL,5/9/2019,8,1100,D,FT ,36,STK,100000,646
BEL,5/9/2019,9,600,I,GD ,172,ALW,66000,719
BEL,5/10/2019,1,650,D,FT ,47,CLM,28000,130
BEL,5/10/2019,2,600,I,GD ,144,MCL,41000,204
BEL,5/10/2019,3,700,D,FT ,40,CLM,43000,235
BEL,5/10/2019,4,600,T,GD ,156,CLM,39000,311
BEL,5/10/2019,5,500,D,FT ,135,MSW,62000,341
BEL,5/10/2019,6,600,I,GD ,144,MCL,41000,413
BEL,5/10/2019,7,700,D,FT ,40,ALW,82000,445
BEL,5/10/2019,8,800,D,FT ,52,AOC,82000,518
BEL,5/10/2019,9,650,D,FT ,47,MCL,30000,552
BEL,5/11/2019,1,650,D,FT ,46,STK,200000,130
BEL,5/11/2019,2,800,D,FT ,52,MSW,80000,202
BEL,5/11/2019,3,600,I,FM ,170,ALW,82000,234
BEL,5/11/2019,4,900,D,FT ,20,STK,300000,308
BEL,5/11/2019,5,850,T,FM ,175,MCL,41000,341
BEL,5/11/2019,6,700,D,FT ,45,CLM,65000,417
BEL,5/11/2019,7,850,I,FM ,74,STK,200000,449
BEL,5/11/2019,8,850,T,FM ,175,MSW,80000,522
BEL,5/11/2019,9,600,D,FT ,52,STK,150000,553
BEL,5/11/2019,10,1100,I,FM ,101,STK,700000,625
BEL,5/11/2019,11,600,T,FM ,164,MSW,62000,657
BEL,5/12/2019,1,700,D,SY ,36,CLM,28000,132
BEL,5/12/2019,2,650,D,SY ,44,MCL,33000,202
BEL,5/12/2019,3,600,D,SY ,48,CLM,42000,234
BEL,5/12/2019,4,600,D,SY ,48,MSW,80000,308
BEL,5/12/2019,5,700,D,SY ,36,CLM,60000,341
BEL,5/12/2019,6,800,D,SY ,52,CLM,39000,413
BEL,5/12/2019,7,600,D,SY ,48,AOC,85000,445
BEL,5/12/2019,8,600,D,SY ,48,STK,100000,518
BEL,5/12/2019,9,800,D,SY ,52,MSW,62000,552
BEL,5/16/2019,1,800,D,FT ,52,MSW,62000,305
BEL,5/16/2019,2,800,T,YL ,108,MSW,80000,336
BEL,5/16/2019,3,800,D,FT ,52,CLM,28000,407
BEL,5/16/2019,4,600,D,FT ,56,AOC,70000,438
BEL,5/16/2019,5,700,D,FT ,40,CLM,44000,510
BEL,5/16/2019,6,850,T,YL ,92,MCL,41000,542
BEL,5/16/2019,7,1000,I,YL ,90,AOC,90000,614
BEL,5/16/2019,8,700,D,FT ,40,ALW,66000,647
BEL,5/16/2019,9,600,D,FT ,56,MCL,41000,718
BEL,5/17/2019,1,800,T,GD ,108,MCL,52000,130
BEL,5/17/2019,2,650,D,FT ,60,CLM,50000,201
BEL,5/17/2019,3,600,I,GD ,138,CLM,55000,231
BEL,5/17/2019,4,850,T,GD ,92,ALW,66000,304
BEL,5/17/2019,5,800,D,FT ,52,AOC,85000,338
BEL,5/17/2019,6,600,I,GD ,138,AOC,70000,409
BEL,5/17/2019,7,850,D,FT ,48,CLM,50000,440
BEL,5/17/2019,8,700,T,GD ,120,AOC,82000,512
BEL,5/17/2019,9,600,I,GD ,138,MCL,41000,544
BEL,5/18/2019,1,850,D,FT ,44,CLM,45000,1200
BEL,5/18/2019,2,600,D,FT ,56,MCL,33000,1230
BEL,5/18/2019,3,600,I,GD ,138,MSW,80000,109
BEL,5/18/2019,4,800,T,GD ,108,AOC,85000,139
BEL,5/18/2019,5,600,D,FT ,56,CLM,28000,208
BEL,5/18/2019,6,600,D,FT ,56,STR,55000,239
BEL,5/18/2019,7,800,T,GD ,108,ALW,66000,310
BEL,5/18/2019,8,700,D,FT ,48,CLM,50000,341
BEL,5/18/2019,9,850,I,GD ,72,MCL,41000,418
BEL,5/18/2019,10,650,D,FT ,40,AOC,70000,457
BEL,5/18/2019,11,700,T,GD ,122,STK,100000,529
BEL,5/18/2019,12,850,I,GD ,72,MCL,41000,605
BEL,5/19/2019,1,800,D,FT ,52,CLM,32000,130
BEL,5/19/2019,2,850,I,FM ,70,MSW,80000,202
BEL,5/19/2019,3,650,D,FT ,48,CLM,28000,234
BEL,5/19/2019,4,1000,I,FM ,92,AOC,90000,309
BEL,5/19/2019,5,800,T,FM ,108,MSW,62000,348
BEL,5/19/2019,6,800,D,FT ,52,MCL,52000,419
BEL,5/19/2019,7,850,I,FM ,70,CLM,60000,451
BEL,5/19/2019,8,600,D,FT ,54,ALW,82000,523
BEL,5/19/2019,9,850,T,FM ,88,MCL,41000,556
BEL,5/23/2019,1,500,T,GD ,72,MSW,100000,305
BEL,5/23/2019,2,600,D,GD ,60,CLM,60000,336
BEL,5/23/2019,3,600,D,GD ,60,MCL,35000,405
BEL,5/23/2019,4,850,I,GD ,63,ALW,82000,451
BEL,5/23/2019,5,650,D,SY ,48,MCL,35000,523
BEL,5/23/2019,6,850,T,GD ,130,STR,55000,554
BEL,5/23/2019,7,1100,I,GD ,235,MSW,90000,625
BEL,5/23/2019,8,850,D,SY ,46,AOC,87000,656
BEL,5/23/2019,9,850,D,SY ,46,CLM,50000,727
BEL,5/24/2019,1,600,I,GD ,90,MCL,41000,130
BEL,5/24/2019,2,600,D,FT ,56,CLM,50000,202
BEL,5/24/2019,3,850,D,FT ,44,MCL,35000,234
BEL,5/24/2019,4,850,T,FM ,130,CLM,42000,308
BEL,5/24/2019,5,850,D,FT ,44,MCL,33000,340
BEL,5/24/2019,6,600,I,FM ,90,AOC,85000,412
BEL,5/24/2019,7,700,T,FM ,63,ALW,66000,445
BEL,5/24/2019,8,900,I,FM ,230,ALW,82000,518
BEL,5/24/2019,9,700,D,FT ,40,MCL,41000,551
BEL,5/25/2019,1,500,T,FM ,72,MSW,100000,132
BEL,5/25/2019,2,650,D,FT ,56,CLM,38000,202
BEL,5/25/2019,3,600,D,FT ,58,MCL,33000,235
BEL,5/25/2019,4,850,I,FM ,70,CLM,39000,308
BEL,5/25/2019,5,700,D,FT ,54,STR,55000,340
BEL,5/25/2019,6,600,I,FM ,90,ALW,82000,413
BEL,5/25/2019,7,700,T,FM ,64,MSW,62000,447
BEL,5/25/2019,8,650,D,FT ,56,MSW,62000,520
BEL,5/25/2019,9,700,T,FM ,64,STK,100000,552
BEL,5/25/2019,10,600,I,FM ,90,AOC,85000,624
BEL,5/26/2019,1,650,D,FT ,58,CLM,28000,130
BEL,5/26/2019,2,800,T,FM ,140,MCL,41000,203
BEL,5/26/2019,3,800,D,FT ,52,ALW,66000,234
BEL,5/26/2019,4,900,I,FM ,243,MSW,62000,308
BEL,5/26/2019,5,850,T,FM ,130,CLM,44000,341
BEL,5/26/2019,6,850,D,FT ,46,AOC,70000,412
BEL,5/26/2019,7,850,I,FM ,80,STR,55000,445
BEL,5/26/2019,8,900,D,FT ,26,AOC,85000,518
BEL,5/26/2019,9,650,D,FT ,58,MSW,62000,549
BEL,5/27/2019,1,600,D,FT ,48,ALW,66000,130
BEL,5/27/2019,2,650,D,FT ,44,ALW,66000,202
BEL,5/27/2019,3,600,I,GD ,90,ALW,66000,236
BEL,5/27/2019,4,700,D,FT ,36,STK,125000,309
BEL,5/27/2019,5,800,T,GD ,142,STK,125000,340
BEL,5/27/2019,6,600,I,FM ,90,MCL,41000,412
BEL,5/27/2019,7,800,D,FT ,52,STK,200000,446
BEL,5/27/2019,8,800,T,GD ,142,STK,125000,518
BEL,5/27/2019,9,700,D,FT ,36,STK,125000,553
BEL,5/27/2019,10,800,D,FT ,52,STK,200000,624
BEL,5/27/2019,11,600,I,FM ,90,MCL,41000,657
BEL,5/30/2019,1,650,D,GD ,45,CLM,28000,305
BEL,5/30/2019,2,600,D,GD ,48,CLM,36000,336
BEL,5/30/2019,3,850,D,GD ,44,ALW,82000,407
BEL,5/30/2019,4,500,D,GD ,135,MSW,62000,439
BEL,5/30/2019,5,850,I,YL ,90,CLM,65000,511
BEL,5/30/2019,6,600,D,GD ,48,CLM,55000,542
BEL,5/30/2019,7,850,D,SY ,44,MSW,80000,612
BEL,5/30/2019,8,600,D,SY ,48,ALW,66000,640
BEL,5/31/2019,1,600,D,FT ,54,CLM,38000,130
BEL,5/31/2019,2,500,D,FT ,135,MSW,62000,202
BEL,5/31/2019,3,700,D,FT ,40,ALW,82000,234
BEL,5/31/2019,4,600,D,FT ,54,CLM,39000,308
BEL,5/31/2019,5,600,D,FT ,54,MCL,30000,342
BEL,5/31/2019,6,850,D,FT ,44,MCL,41000,412
BEL,5/31/2019,7,850,D,FT ,44,CLM,36000,445
BEL,5/31/2019,8,700,D,FT ,40,AOC,87000,518
BEL,5/31/2019,9,600,D,FT ,54,CLM,50000,551
BEL,6/1/2019,1,600,T,GD ,153,MSW,80000,130
BEL,6/1/2019,2,900,I,GD ,246,AOC,82000,202
BEL,6/1/2019,3,850,D,FT ,44,CLM,36000,235
BEL,6/1/2019,4,850,D,FT ,44,MSW,80000,308
BEL,6/1/2019,5,600,I,GD ,90,MCL,41000,341
BEL,6/1/2019,6,800,T,GD ,166,CLM,50000,412
BEL,6/1/2019,7,600,D,FT ,48,CLM,60000,445
BEL,6/1/2019,8,900,I,GD ,246,STK,200000,518
BEL,6/1/2019,9,600,T,GD ,153,ALW,66000,552
BEL,6/2/2019,1,600,D,FT ,48,MCL,30000,130
BEL,6/2/2019,2,850,T,FM ,170,MCL,41000,205
BEL,6/2/2019,3,850,D,FT ,44,CLM,65000,242
BEL,6/2/2019,4,700,D,FT ,40,MCL,41000,313
BEL,6/2/2019,5,600,T,FM ,153,CLM,39000,344
BEL,6/2/2019,6,700,D,FT ,40,CLM,28000,413
BEL,6/2/2019,7,850,I,FM ,80,MCL,41000,445
BEL,6/2/2019,8,850,T,FM ,170,CLM,39000,519
BEL,6/2/2019,9,650,D,FT ,50,AOC,85000,548
BEL,6/2/2019,10,900,I,FM ,218,MSW,62000,613
BEL,6/6/2019,1,1100,T,FM ,24,AOC,92000,305
BEL,6/6/2019,2,800,D,FT ,52,ALW,74000,336
BEL,6/6/2019,3,900,I,FM ,243,STK,200000,407
BEL,6/6/2019,4,650,D,FT ,44,MSW,90000,439
BEL,6/6/2019,5,800,T,FM ,153,MSW,90000,511
BEL,6/6/2019,6,650,D,FT ,44,ALW,92000,542
BEL,6/6/2019,7,550,D,FT ,68,STK,150000,615
BEL,6/6/2019,8,700,T,FM ,80,STK,200000,647
BEL,6/6/2019,9,600,I,FM ,101,MSW,72000,719
BEL,6/7/2019,1,700,D,FT ,40,MSW,90000,1250
BEL,6/7/2019,2,600,I,FM ,152,MSW,72000,123
BEL,6/7/2019,3,800,T,FM ,74,AOC,92000,201
BEL,6/7/2019,4,650,D,FT ,52,AOC,80000,233
BEL,6/7/2019,5,700,D,FT ,48,STK,250000,303
BEL,6/7/2019,6,800,T,FM ,74,AOC,97000,340
BEL,6/7/2019,7,550,D,FT ,63,STK,150000,408
BEL,6/7/2019,8,650,D,FT ,52,STK,250000,445
BEL,6/7/2019,9,1000,I,FM ,76,STK,600000,519
BEL,6/7/2019,10,1600,T,FM ,152,STK,400000,548
BEL,6/7/2019,11,600,I,FM ,152,STR,55000,624
BEL,6/8/2019,1,850,D,FT ,44,ALW,92000,1135
BEL,6/8/2019,2,1000,I,FM ,76,MSW,90000,1211
BEL,6/8/2019,3,850,D,FT ,44,STK,150000,1247
BEL,6/8/2019,4,800,T,FM ,78,STK,700000,125
BEL,6/8/2019,5,850,D,FT ,44,STK,700000,203
BEL,6/8/2019,6,600,T,FM ,85,STK,400000,243
BEL,6/8/2019,7,800,D,FT ,46,STK,700000,324
BEL,6/8/2019,8,700,D,FT ,50,STK,400000,406
BEL,6/8/2019,9,800,D,FT ,46,STK,1200000,449
BEL,6/8/2019,10,1000,I,FM ,76,STK,1000000,538
BEL,6/8/2019,11,1200,D,FT ,78,STK,1500000,638
BEL,6/8/2019,12,900,I,FM ,72,AOC,95000,728
BEL,6/8/2019,13,1200,D,FT ,78,STK,400000,800
BEL,6/9/2019,1,600,D,FT ,66,CLM,28000,130
BEL,6/9/2019,2,850,I,FM ,54,MSW,62000,203
BEL,6/9/2019,3,600,D,FT ,66,STK,150000,234
BEL,6/9/2019,4,600,D,FT ,66,MCL,33000,308
BEL,6/9/2019,5,700,T,FM ,90,MCL,41000,342
BEL,6/9/2019,6,600,I,FM ,112,CLM,60000,412
BEL,6/9/2019,7,600,D,FT ,66,CLM,55000,445
BEL,6/9/2019,8,800,T,FM ,72,ALW,66000,519
BEL,6/9/2019,9,600,I,FM ,112,AOC,82000,551
BEL,6/9/2019,10,700,T,FM ,90,MCL,41000,625
BEL,6/12/2019,1,850,D,FT ,44,MCL,46000,131
BEL,6/12/2019,2,650,D,FT ,48,CLM,60000,202
BEL,6/12/2019,3,500,D,FT ,144,MSW,80000,234
BEL,6/12/2019,4,850,I,FM ,72,CLM,44000,308
BEL,6/12/2019,5,850,D,FT ,44,CLM,28000,340
BEL,6/12/2019,6,700,T,FM ,126,MCL,41000,412
BEL,6/12/2019,7,800,D,FT ,46,STR,55000,445
BEL,6/12/2019,8,700,T,FM ,126,AOC,70000,518
BEL,6/12/2019,9,600,I,FM ,180,CLM,42000,552
BEL,6/13/2019,1,650,D,SY ,54,CLM,28000,305
BEL,6/13/2019,2,800,D,SY ,48,MSW,62000,337
BEL,6/13/2019,3,600,D,SY ,72,CLM,32000,410
BEL,6/13/2019,4,850,I,YL ,48,MSW,80000,441
BEL,6/13/2019,5,650,D,SY ,54,CLM,42000,511
BEL,6/13/2019,6,850,D,SY ,44,MCL,41000,542
BEL,6/13/2019,7,800,T,YL ,112,ALW,82000,614
BEL,6/13/2019,8,650,D,SY ,54,ALW,82000,646
BEL,6/13/2019,9,600,D,SY ,72,MCL,41000,719
BEL,6/14/2019,1,850,D,FT ,44,MCL,41000,130
BEL,6/14/2019,2,700,T,GD ,118,AOC,70000,202
BEL,6/14/2019,3,800,D,FT ,46,MCL,35000,234
BEL,6/14/2019,4,850,I,GD ,54,CLM,50000,308
BEL,6/14/2019,5,500,D,FT ,126,MSW,80000,342
BEL,6/14/2019,6,800,T,GD ,112,MSW,80000,416
BEL,6/14/2019,7,650,D,FT ,58,CLM,60000,450
BEL,6/14/2019,8,1100,I,GD ,92,AOC,90000,521
BEL,6/14/2019,9,850,T,GD ,54,ALW,66000,553
BEL,6/15/2019,1,850,T,FM ,90,MCL,52000,130
BEL,6/15/2019,2,600,D,FT ,54,AOC,70000,207
BEL,6/15/2019,3,600,I,FM ,175,CLM,39000,238
BEL,6/15/2019,4,550,D,FT ,70,STR,55000,315
BEL,6/15/2019,5,850,I,FM ,56,STR,55000,347
BEL,6/15/2019,6,600,D,FT ,54,ALW,66000,416
BEL,6/15/2019,7,800,T,FM ,112,ALW,82000,447
BEL,6/15/2019,8,850,I,FM ,56,CLM,60000,519
BEL,6/15/2019,9,600,D,FT ,54,STK,100000,551
BEL,6/15/2019,10,850,T,FM ,90,MCL,41000,625
BEL,6/16/2019,1,600,D,FT ,62,CLM,28000,130
BEL,6/16/2019,2,600,I,FM ,178,MCL,41000,202
BEL,6/16/2019,3,850,D,FT ,48,CLM,32000,234
BEL,6/16/2019,4,800,D,FT ,52,MSW,62000,310
BEL,6/16/2019,5,1100,I,FM ,96,AOC,90000,342
BEL,6/16/2019,6,850,T,FM ,102,MCL,41000,413
BEL,6/16/2019,7,850,D,FT ,48,AOC,87000,445
BEL,6/16/2019,8,800,T,FM ,108,STK,300000,518
BEL,6/16/2019,9,650,D,FT ,56,MCL,33000,556
BEL,6/19/2019,1,550,D,GD ,67,CLM,36000,130
BEL,6/19/2019,2,600,D,GD ,66,MSW,62000,202
BEL,6/19/2019,3,600,D,GD ,66,CLM,28000,234
BEL,6/19/2019,4,800,D,GD ,52,MCL,33000,308
BEL,6/19/2019,5,600,D,GD ,66,MCL,41000,340
BEL,6/19/2019,6,600,D,GD ,66,STR,55000,412
BEL,6/19/2019,7,1000,D,GD ,92,MSW,90000,445
BEL,6/19/2019,8,850,D,GD ,45,AOC,85000,518
BEL,6/19/2019,9,700,D,GD ,54,CLM,39000,551
BEL,6/20/2019,1,800,D,MY ,52,CLM,50000,305
BEL,6/20/2019,2,600,D,MY ,58,CLM,32000,336
BEL,6/20/2019,3,800,D,MY ,52,MSW,80000,407
BEL,6/20/2019,4,800,D,MY ,52,ALW,66000,442
BEL,6/20/2019,5,500,D,MY ,161,MSW,80000,452
BEL,6/20/2019,6,600,D,SY ,58,MSW,62000,544
BEL,6/20/2019,7,800,D,SY ,52,CLM,44000,614
BEL,6/20/2019,8,850,D,SY ,36,AOC,70000,646
BEL,6/20/2019,9,850,D,SY ,36,MSW,62000,718
BEL,6/21/2019,1,800,D,SY ,46,MCL,33000,132
BEL,6/21/2019,2,500,D,SY ,144,MSW,80000,202
BEL,6/21/2019,3,600,D,SY ,54,ALW,66000,234
BEL,6/21/2019,4,800,D,SY ,46,CLM,60000,308
BEL,6/21/2019,5,800,D,SY ,46,CLM,39000,340
BEL,6/21/2019,6,600,D,SY ,54,AOC,82000,412
BEL,6/21/2019,7,500,D,SY ,144,MSW,80000,445
BEL,6/21/2019,8,600,D,SY ,54,AOC,82000,518
BEL,6/21/2019,9,550,D,SY ,74,MCL,30000,551
BEL,6/22/2019,1,700,D,FT ,54,CLM,28000,134
BEL,6/22/2019,2,700,T,GD ,50,MSW,80000,202
BEL,6/22/2019,3,850,I,GD ,75,AOC,85000,234
BEL,6/22/2019,4,500,D,FT ,148,MSW,62000,308
BEL,6/22/2019,5,800,T,GD ,126,WCL,39000,340
BEL,6/22/2019,6,600,D,FT ,45,MSW,62000,415
BEL,6/22/2019,7,850,I,GD ,75,STR,55000,447
BEL,6/22/2019,8,650,D,FT ,56,ALW,66000,519
BEL,6/22/2019,9,800,T,GD ,126,STK,100000,551
BEL,6/22/2019,10,600,I,GD ,136,MCL,41000,624
BEL,6/23/2019,1,650,D,FT ,52,WCL,42000,132
BEL,6/23/2019,2,500,D,FT ,151,MSW,62000,202
BEL,6/23/2019,3,850,I,FM ,56,AOC,87000,234
BEL,6/23/2019,4,600,D,FT ,54,MSW,80000,308
BEL,6/23/2019,5,700,T,FM ,63,STK,150000,340
BEL,6/23/2019,6,500,D,FT ,151,MSW,62000,412
BEL,6/23/2019,7,600,D,FT ,54,ALW,82000,445
BEL,6/23/2019,8,700,T,FM ,63,STK,150000,518
BEL,6/23/2019,9,600,I,FM ,124,MCL,41000,551
BEL,6/26/2019,1,850,T,FM ,58,MSW,62000,132
BEL,6/26/2019,2,600,D,FT ,63,AOC,70000,205
BEL,6/26/2019,3,850,I,FM ,84,CLM,60000,238
BEL,6/26/2019,4,600,T,FM ,72,AOC,82000,314
BEL,6/26/2019,5,850,I,FM ,84,MCL,46000,346
BEL,6/26/2019,6,500,D,FT ,135,MSW,62000,418
BEL,6/26/2019,7,600,T,FM ,72,ALW,66000,454
BEL,6/26/2019,8,600,I,FM ,102,MCL,41000,526
BEL,6/27/2019,1,850,D,FT ,44,CLM,28000,305
BEL,6/27/2019,2,700,T,FM ,96,CLM,42000,336
BEL,6/27/2019,3,700,D,FT ,48,CLM,28000,407
BEL,6/27/2019,4,800,D,FT ,52,MCL,33000,438
BEL,6/27/2019,5,600,D,FT ,63,CLM,50000,510
BEL,6/27/2019,6,900,I,FM ,234,AOC,82000,542
BEL,6/27/2019,7,600,T,FM ,82,CLM,50000,615
BEL,6/27/2019,8,800,D,FT ,52,AOC,82000,646
BEL,6/27/2019,9,600,I,FM ,108,MSW,80000,718
BEL,6/28/2019,1,700,T,FM ,84,CLM,44000,132
BEL,6/28/2019,2,800,D,FT ,52,MCL,30000,206
BEL,6/28/2019,3,850,I,FM ,82,STR,55000,237
BEL,6/28/2019,4,500,D,FT ,135,MCL,52000,311
BEL,6/28/2019,5,600,D,FT ,63,CLM,50000,342
BEL,6/28/2019,6,1000,I,FM ,112,AOC,90000,413
BEL,6/28/2019,7,800,T,FM ,75,STR,55000,445
BEL,6/28/2019,8,600,I,FM ,102,AOC,87000,523
BEL,6/28/2019,9,700,T,FM ,84,MCL,41000,555
BEL,6/29/2019,1,800,D,FT ,52,MCL,46000,132
BEL,6/29/2019,2,850,I,FM ,81,AOC,70000,202
BEL,6/29/2019,3,700,T,FM ,102,MSW,62000,234
BEL,6/29/2019,4,700,D,FT ,50,CLM,42000,308
BEL,6/29/2019,5,800,T,FM ,76,MCL,41000,340
BEL,6/29/2019,6,600,D,FT ,56,MSW,80000,412
BEL,6/29/2019,7,800,T,FM ,76,STK,100000,445
BEL,6/29/2019,8,850,D,FT ,45,STK,250000,512
BEL,6/29/2019,9,600,I,FM ,96,STR,55000,548
BEL,6/30/2019,1,850,I,FM ,76,CLM,50000,132
BEL,6/30/2019,2,700,T,FM ,90,MSW,62000,202
BEL,6/30/2019,3,650,D,FT ,54,CLM,36000,234
BEL,6/30/2019,4,600,I,FM ,96,MSW,80000,308
BEL,6/30/2019,5,600,D,FT ,63,MCL,33000,344
BEL,6/30/2019,6,600,T,FM ,85,STR,55000,412
BEL,6/30/2019,7,850,D,FT ,45,STK,100000,445
BEL,6/30/2019,8,850,I,FM ,76,CLM,45000,518
BEL,7/3/2019,1,650,D,FT ,48,CLM,28000,130
BEL,7/3/2019,2,600,D,FT ,54,STR,55000,202
BEL,7/3/2019,3,1000,I,FM ,130,MSW,90000,235
BEL,7/3/2019,4,600,T,FM ,156,CLM,55000,308
BEL,7/3/2019,5,550,D,FT ,72,MSW,80000,341
BEL,7/3/2019,6,650,D,FT ,48,STR,55000,415
BEL,7/3/2019,7,850,I,FM ,90,AOC,87000,445
BEL,7/3/2019,8,600,D,FT ,54,CLM,28000,518
BEL,7/4/2019,1,600,I,FM ,102,CLM,48000,132
BEL,7/4/2019,2,850,T,FM ,166,MSW,80000,202
BEL,7/4/2019,3,800,D,FT ,52,CLM,28000,240
BEL,7/4/2019,4,850,I,FM ,90,AOC,85000,313
BEL,7/4/2019,5,550,D,FT ,63,MSW,80000,345
BEL,7/4/2019,6,700,T,FM ,92,MCL,41000,416
BEL,7/4/2019,7,900,I,FM ,243,ALW,66000,447
BEL,7/4/2019,8,800,T,FM ,182,STK,100000,520
BEL,7/4/2019,9,650,D,FT ,48,MCL,33000,552
BEL,7/5/2019,1,850,I,FM ,27,ALW,82000,132
BEL,7/5/2019,2,700,T,FM ,90,AOC,70000,203
BEL,7/5/2019,3,650,D,FT ,47,CLM,28000,234
BEL,7/5/2019,4,600,I,FM ,130,CLM,39000,310
BEL,7/5/2019,5,600,D,FT ,54,STR,55000,340
BEL,7/5/2019,6,1000,I,FM ,38,MSW,90000,412
BEL,7/5/2019,7,1200,T,FM ,126,STK,100000,450
BEL,7/5/2019,8,650,D,FT ,47,STK,150000,522
BEL,7/5/2019,9,800,T,FM ,166,MCL,41000,556
BEL,7/6/2019,1,600,D,FT ,65,CLM,36000,102
BEL,7/6/2019,2,850,T,FM ,166,MCL,41000,134
BEL,7/6/2019,3,600,D,FT ,65,MSW,62000,206
BEL,7/6/2019,4,650,D,FT ,62,ALW,66000,243
BEL,7/6/2019,5,600,T,FM ,156,MSW,80000,318
BEL,7/6/2019,6,800,D,FT ,48,STK,250000,352
BEL,7/6/2019,7,1000,I,FM ,38,STK,750000,430
BEL,7/6/2019,8,700,D,FT ,56,STK,300000,505
BEL,7/6/2019,9,1000,I,FM ,38,STK,1000000,545
BEL,7/6/2019,10,1000,D,FT ,72,STK,700000,620
BEL,7/6/2019,11,800,T,FM ,172,MSW,80000,651
BEL,7/7/2019,1,850,I,FM ,44,CLM,39000,1232
BEL,7/7/2019,2,700,T,FM ,90,ALW,82000,103
BEL,7/7/2019,3,600,D,FT ,60,MSW,62000,135
BEL,7/7/2019,4,600,D,FT ,60,CLM,28000,208
BEL,7/7/2019,5,800,T,FM ,172,MSW,62000,241
BEL,7/7/2019,6,600,I,FM ,148,MCL,46000,313
BEL,7/7/2019,7,700,T,FM ,90,AOC,70000,347
BEL,7/7/2019,8,850,D,FT ,45,STK,100000,418
BEL,7/7/2019,9,650,D,FT ,50,MSW,80000,452
BEL,9/6/2019,1,800,D,SY ,72,ALW,66000,302
BEL,9/6/2019,2,600,D,SY ,76,MSW,62000,335
BEL,9/6/2019,3,700,D,SY ,44,CLM,50000,404
BEL,9/6/2019,4,600,T,YL ,78,MSW,75000,439
BEL,9/6/2019,5,600,D,SY ,76,AOC,70000,508
BEL,9/6/2019,6,850,D,SY ,40,MSW,75000,540
BEL,9/6/2019,7,600,I,YL ,126,STK,100000,612
BEL,9/6/2019,8,850,D,SY ,40,MSW,62000,644
BEL,9/7/2019,1,600,D,FT ,63,ALW,66000,103
BEL,9/7/2019,2,600,I,GD ,126,MCL,41000,133
BEL,9/7/2019,3,650,D,FT ,54,CLM,60000,205
BEL,9/7/2019,4,850,T,GD ,56,MCL,41000,237
BEL,9/7/2019,5,650,D,FT ,54,MSW,75000,309
BEL,9/7/2019,6,600,I,GD ,126,STR,55000,341
BEL,9/7/2019,7,700,T,GD ,80,ALW,77000,412
BEL,9/7/2019,8,1200,D,FT ,72,STK,300000,443
BEL,9/7/2019,9,1100,I,GD ,30,STK,750000,516
BEL,9/7/2019,10,1200,T,GD ,63,STK,1000000,547
BEL,9/7/2019,11,700,D,FT ,54,MCL,33000,621
BEL,9/8/2019,1,600,T,FM ,72,MSW,62000,103
BEL,9/8/2019,2,800,D,FT ,78,CLM,28000,133
BEL,9/8/2019,3,600,I,FM ,126,MCL,41000,205
BEL,9/8/2019,4,700,D,FT ,54,CLM,36000,233
BEL,9/8/2019,5,800,T,FM ,77,MSW,62000,310
BEL,9/8/2019,6,600,I,FM ,126,ALW,66000,342
BEL,9/8/2019,7,800,D,FT ,78,MSW,75000,414
BEL,9/8/2019,8,600,T,FM ,72,STK,100000,450
BEL,9/8/2019,9,850,I,FM ,18,CLM,50000,518
BEL,9/11/2019,1,800,D,FT ,78,MSW,75000,303
BEL,9/11/2019,2,600,I,FM ,162,CLM,44000,333
BEL,9/11/2019,3,600,D,FT ,50,MCL,33000,405
BEL,9/11/2019,4,600,D,FT ,50,CLM,28000,436
BEL,9/11/2019,5,800,T,FM ,104,CLM,39000,508
BEL,9/11/2019,6,850,D,FT ,44,AOC,70000,540
BEL,9/11/2019,7,850,I,FM ,63,AOC,77000,612
BEL,9/11/2019,8,850,T,FM ,90,MSW,62000,645
BEL,9/12/2019,1,850,I,FM ,63,CLM,50000,302
BEL,9/12/2019,2,800,D,FT ,78,MSW,75000,333
BEL,9/12/2019,3,600,D,FT ,60,CLM,60000,404
BEL,9/12/2019,4,850,T,FM ,92,MCL,52000,437
BEL,9/12/2019,5,650,D,FT ,38,AOC,70000,509
BEL,9/12/2019,6,850,I,FM ,63,CLM,70000,541
BEL,9/12/2019,7,650,D,FT ,38,AOC,85000,612
BEL,9/12/2019,8,800,T,FM ,108,MCL,41000,645
BEL,9/13/2019,1,800,D,FT ,78,MCL,35000,300
BEL,9/13/2019,2,600,T,FM ,108,MSW,62000,334
BEL,9/13/2019,3,800,D,FT ,78,ALW,66000,404
BEL,9/13/2019,4,600,I,FM ,171,MSW,62000,437
BEL,9/13/2019,5,800,T,FM ,110,ALW,77000,508
BEL,9/13/2019,6,600,D,FT ,63,MCL,46000,544
BEL,9/13/2019,7,600,I,FM ,171,AOC,85000,615
BEL,9/13/2019,8,800,T,FM ,110,CLM,48000,644
BEL,9/14/2019,1,600,D,FT ,63,CLM,28000,100
BEL,9/14/2019,2,850,I,FM ,66,MCL,41000,134
BEL,9/14/2019,3,650,D,FT ,48,AOC,85000,205
BEL,9/14/2019,4,600,D,FT ,63,MSW,62000,236
BEL,9/14/2019,5,850,T,FM ,90,CLM,39000,307
BEL,9/14/2019,6,650,D,FT ,48,MSW,75000,341
BEL,9/14/2019,7,800,T,FM ,108,MSW,75000,412
BEL,9/14/2019,8,850,I,FM ,66,STR,55000,442
BEL,9/14/2019,9,650,D,FT ,48,ALW,66000,518
BEL,9/14/2019,10,800,T,FM ,108,STK,200000,553
BEL,9/14/2019,11,600,I,FM ,171,CLM,39000,627
BEL,9/15/2019,1,650,D,FT ,45,CLM,28000,100
BEL,9/15/2019,2,600,T,FM ,102,MCL,41000,134
BEL,9/15/2019,3,900,I,FM ,153,AOC,85000,204
BEL,9/15/2019,4,600,D,FT ,63,MCL,46000,235
BEL,9/15/2019,5,800,T,FM ,108,CLM,44000,307
BEL,9/15/2019,6,600,D,FT ,63,ALW,77000,340
BEL,9/15/2019,7,1000,I,FM ,95,MSW,90000,416
BEL,9/15/2019,8,600,D,FT ,63,MSW,62000,450
BEL,9/15/2019,9,700,T,FM ,117,AOC,70000,522
BEL,9/15/2019,10,600,I,FM ,175,CLM,50000,557
BEL,9/18/2019,1,1800,M,FM ,0,STK,75000,302
BEL,9/18/2019,2,700,D,FT ,54,MCL,50000,333
BEL,9/18/2019,3,850,D,FT ,46,ALW,77000,405
BEL,9/18/2019,4,600,I,FM ,135,CLM,44000,435
BEL,9/18/2019,5,800,T,FM ,140,MSW,62000,507
BEL,9/18/2019,6,600,I,FM ,135,ALW,66000,538
BEL,9/18/2019,7,700,D,FT ,54,STK,150000,609
BEL,9/18/2019,8,800,T,FM ,140,MSW,62000,640
BEL,9/19/2019,1,2000,M,FM ,0,STK,150000,304
BEL,9/19/2019,2,600,D,FT ,75,MCL,32000,335
BEL,9/19/2019,3,700,D,FT ,54,CLM,41000,404
BEL,9/19/2019,4,1000,I,FM ,84,MSW,90000,436
BEL,9/19/2019,5,600,T,FM ,135,MSW,75000,506
BEL,9/19/2019,6,850,D,FT ,45,AOC,70000,537
BEL,9/19/2019,7,1000,I,FM ,84,AOC,77000,608
BEL,9/19/2019,8,800,T,FM ,142,MSW,62000,640
BEL,9/20/2019,1,600,D,FT ,63,CLM,41000,300
BEL,9/20/2019,2,600,D,FT ,63,CLM,55000,332
BEL,9/20/2019,3,700,D,FT ,66,STK,150000,407
BEL,9/20/2019,4,600,I,FM ,135,ALW,77000,436
BEL,9/20/2019,5,800,T,FM ,142,AOC,80000,507
BEL,9/20/2019,6,650,D,FT ,45,MSW,75000,538
BEL,9/20/2019,7,900,I,FM ,189,AOC,85000,608
BEL,9/20/2019,8,600,T,FM ,126,MSW,62000,640
BEL,9/21/2019,1,650,D,FT ,48,CLM,43000,100
BEL,9/21/2019,2,850,I,FM ,78,MCL,41000,134
BEL,9/21/2019,3,850,D,FT ,45,ALW,77000,204
BEL,9/21/2019,4,850,T,FM ,148,MSW,75000,236
BEL,9/21/2019,5,600,D,FT ,63,CLM,28000,307
BEL,9/21/2019,6,600,D,FT ,63,MSW,75000,340
BEL,9/21/2019,7,850,I,FM ,78,MSW,75000,410
BEL,9/21/2019,8,800,T,FM ,142,STK,200000,442
BEL,9/21/2019,9,800,D,FT ,72,STR,55000,520
BEL,9/21/2019,10,800,D,FT ,72,STK,300000,553
BEL,9/21/2019,11,800,T,FM ,142,ALW,66000,625
BEL,9/22/2019,1,600,D,FT ,68,CLM,50000,101
BEL,9/22/2019,2,600,T,FM ,126,MCL,41000,133
BEL,9/22/2019,3,650,D,FT ,45,STK,300000,204
BEL,9/22/2019,4,600,I,FM ,135,MSW,75000,235
BEL,9/22/2019,5,850,T,FM ,128,AOC,85000,307
BEL,9/22/2019,6,700,D,FT ,63,MSW,62000,338
BEL,9/22/2019,7,900,I,FM ,189,STK,125000,410
BEL,9/22/2019,8,600,D,FT ,68,ALW,77000,443
BEL,9/22/2019,9,900,I,FM ,189,STK,125000,514
BEL,9/22/2019,10,800,T,FM ,142,ALW,66000,546
BEL,9/25/2019,1,650,D,FT ,36,MSW,62000,102
BEL,9/25/2019,2,850,D,FT ,54,CLM,28000,133
BEL,9/25/2019,3,650,D,FT ,36,CLM,39000,205
BEL,9/25/2019,4,650,D,FT ,36,MSW,75000,235
BEL,9/25/2019,5,850,D,FT ,54,CLM,43000,307
BEL,9/25/2019,6,800,T,FM ,168,CLM,55000,339
BEL,9/25/2019,7,600,D,FT ,58,AOC,70000,411
BEL,9/25/2019,8,600,I,FM ,101,MCL,41000,443
BEL,9/26/2019,1,800,T,FM ,168,MCL,46000,102
BEL,9/26/2019,2,600,D,FT ,48,CLM,28000,133
BEL,9/26/2019,3,850,I,FM ,84,MCL,46000,204
BEL,9/26/2019,4,600,D,FT ,48,MCL,33000,236
BEL,9/26/2019,5,800,T,FM ,168,CLM,44000,307
BEL,9/26/2019,6,550,D,FT ,66,MCL,46000,339
BEL,9/26/2019,7,850,T,FM ,172,STR,55000,411
BEL,9/26/2019,8,850,I,FM ,84,CLM,39000,444
BEL,9/27/2019,1,850,D,FT ,48,MCL,30000,100
BEL,9/27/2019,2,600,D,FT ,56,CLM,36000,133
BEL,9/27/2019,3,650,D,FT ,40,CLM,50000,204
BEL,9/27/2019,4,800,T,FM ,172,MSW,62000,225
BEL,9/27/2019,5,600,I,FM ,98,MSW,75000,312
BEL,9/27/2019,6,850,D,FT ,48,ALW,66000,342
BEL,9/27/2019,7,600,T,FM ,162,AOC,80000,413
BEL,9/27/2019,8,600,I,FM ,98,CLM,39000,444
BEL,9/28/2019,1,650,D,FT ,44,AOC,70000,100
BEL,9/28/2019,2,650,D,FT ,44,MSW,62000,134
BEL,9/28/2019,3,700,T,FM ,90,ALW,77000,204
BEL,9/28/2019,4,600,D,FT ,63,STK,300000,235
BEL,9/28/2019,5,850,I,FM ,84,MSW,75000,307
BEL,9/28/2019,6,600,D,FT ,63,MSW,75000,342
BEL,9/28/2019,7,600,I,FM ,102,AOC,70000,413
BEL,9/28/2019,8,900,D,FT ,20,STK,300000,443
BEL,9/28/2019,9,850,T,FM ,166,STK,200000,516
BEL,9/28/2019,10,1000,D,FT ,72,STK,750000,549
BEL,9/28/2019,11,800,T,FM ,172,MSW,75000,628
BEL,9/29/2019,1,700,T,FM ,90,CLM,55000,101
BEL,9/29/2019,2,600,D,FT ,60,MSW,62000,134
BEL,9/29/2019,3,850,D,FT ,48,CLM,36000,204
BEL,9/29/2019,4,700,T,FM ,90,MCL,41000,237
BEL,9/29/2019,5,650,D,FT ,44,ALW,66000,307
BEL,9/29/2019,6,600,I,FM ,102,MSW,62000,339
BEL,9/29/2019,7,850,D,FT ,48,AOC,80000,411
BEL,9/29/2019,8,850,I,FM ,84,STK,200000,444
BEL,9/29/2019,9,700,T,FM ,90,MCL,41000,517
BEL,10/2/2019,1,650,D,FT ,45,CLM,32000,115
BEL,10/2/2019,2,900,I,FM ,234,MCL,41000,149
BEL,10/2/2019,3,700,D,FT ,45,MCL,35000,225
BEL,10/2/2019,4,850,T,FM ,171,CLM,50000,259
BEL,10/2/2019,5,600,D,FT ,56,SOC,50000,332
BEL,10/2/2019,6,700,D,FT ,45,CLM,55000,405
BEL,10/2/2019,7,850,I,FM ,90,STR,55000,440
BEL,10/2/2019,8,700,T,FM ,72,STR,55000,512
BEL,10/3/2019,1,650,D,SY ,48,MCL,52000,115
BEL,10/3/2019,2,600,D,SY ,65,MSW,62000,149
BEL,10/3/2019,3,800,D,SY ,72,CLM,42000,225
BEL,10/3/2019,4,600,D,SY ,65,CLM,39000,259
BEL,10/3/2019,5,650,D,SY ,48,MCL,33000,335
BEL,10/3/2019,6,700,D,SY ,50,ALW,66000,406
BEL,10/3/2019,7,850,D,SY ,52,AOC,85000,440
BEL,10/3/2019,8,650,D,SY ,48,MCL,46000,512
BEL,10/4/2019,1,650,D,MY ,48,MCL,30000,115
BEL,10/4/2019,2,600,D,MY ,68,MSW,62000,149
BEL,10/4/2019,3,800,D,MY ,72,CLM,50000,225
BEL,10/4/2019,4,650,D,MY ,48,CLM,32000,259
BEL,10/4/2019,5,850,I,GD ,90,CLM,60000,335
BEL,10/4/2019,6,800,T,GD ,76,AOC,70000,405
BEL,10/4/2019,7,800,D,MY ,72,MSW,75000,441
BEL,10/4/2019,8,850,D,MY ,52,MSW,62000,512
BEL,10/5/2019,1,600,D,FT ,66,STR,50000,1220
BEL,10/5/2019,2,550,D,FT ,74,MCL,46000,1254
BEL,10/5/2019,3,850,I,GD ,30,ALW,77000,126
BEL,10/5/2019,4,800,D,FT ,72,MSW,75000,200
BEL,10/5/2019,5,600,T,GD ,70,STK,150000,232
BEL,10/5/2019,6,600,I,FM ,136,STK,150000,308
BEL,10/5/2019,7,800,D,FT ,72,MSW,75000,342
BEL,10/5/2019,8,900,I,FM ,90,STK,400000,417
BEL,10/5/2019,9,1200,T,FM ,36,STK,500000,450
BEL,10/5/2019,10,800,D,FT ,72,STK,500000,522
BEL,10/5/2019,11,800,T,FM ,76,MSW,75000,557
BEL,10/6/2019,1,850,I,FM ,38,MSW,62000,1248
BEL,10/6/2019,2,650,D,FT ,48,CLM,28000,118
BEL,10/6/2019,3,1000,I,FM ,42,AOC,90000,151
BEL,10/6/2019,4,800,T,FM ,76,AOC,70000,225
BEL,10/6/2019,5,650,D,FT ,48,MCL,46000,305
BEL,10/6/2019,6,600,D,FT ,65,MSW,75000,340
BEL,10/6/2019,7,600,T,FM ,84,STK,150000,415
BEL,10/6/2019,8,1000,I,FM ,42,STK,500000,447
BEL,10/6/2019,9,800,D,FT ,72,STK,400000,521
BEL,10/6/2019,10,700,T,FM ,90,MCL,41000,554
BEL,10/10/2019,1,850,D,FT ,50,MCL,35000,115
BEL,10/10/2019,2,850,I,FM ,45,MCL,41000,149
BEL,10/10/2019,3,700,D,FT ,54,ALW,77000,223
BEL,10/10/2019,4,600,T,FM ,101,CLM,55000,257
BEL,10/10/2019,5,600,D,FT ,58,SOC,50000,332
BEL,10/10/2019,6,600,I,FM ,174,AOC,70000,405
BEL,10/10/2019,7,650,D,FT ,48,AOC,85000,440
BEL,10/10/2019,8,600,T,FM ,101,MCL,41000,511
BEL,10/11/2019,1,600,T,GD ,101,MCL,41000,115
BEL,10/11/2019,2,650,D,FT ,48,MCL,35000,149
BEL,10/11/2019,3,600,D,FT ,60,CLM,28000,223
BEL,10/11/2019,4,600,T,GD ,101,MSW,62000,257
BEL,10/11/2019,5,900,I,GD ,135,CLM,45000,337
BEL,10/11/2019,6,600,D,FT ,60,ALW,66000,411
BEL,10/11/2019,7,1000,I,GD ,92,AOC,77000,444
BEL,10/11/2019,8,850,D,FT ,50,CLM,28000,516
BEL,10/12/2019,1,600,D,FT ,65,MCL,35000,1245
BEL,10/12/2019,2,850,I,FM ,54,CLM,60000,118
BEL,10/12/2019,3,600,D,FT ,65,CLM,50000,151
BEL,10/12/2019,4,600,T,FM ,103,ALW,77000,224
BEL,10/12/2019,5,700,D,FT ,54,CLM,55000,259
BEL,10/12/2019,6,600,I,FM ,164,MSW,62000,339
BEL,10/12/2019,7,600,T,FM ,103,STK,100000,410
BEL,10/12/2019,8,700,D,FT ,54,MSW,75000,442
BEL,10/12/2019,9,900,I,FM ,128,STK,200000,514
BEL,10/12/2019,10,800,T,FM ,108,STR,55000,552
BEL,10/13/2019,1,600,D,FT ,58,MSW,75000,115
BEL,10/13/2019,2,700,T,FM ,126,CLM,42000,149
BEL,10/13/2019,3,850,I,FM ,52,STR,55000,223
BEL,10/13/2019,4,800,D,FT ,72,MSW,62000,257
BEL,10/13/2019,5,850,I,FM ,52,AOC,80000,332
BEL,10/13/2019,6,600,D,FT ,58,CLM,42000,405
BEL,10/13/2019,7,1200,T,FM ,110,STK,100000,440
BEL,10/13/2019,8,800,D,FT ,72,AOC,70000,511
BEL,10/13/2019,9,700,T,FM ,126,MCL,41000,541
BEL,10/14/2019,1,650,D,FT ,46,MCL,33000,115
BEL,10/14/2019,2,700,T,FM ,126,CLM,50000,150
BEL,10/14/2019,3,850,D,FT ,50,ALW,66000,223
BEL,10/14/2019,4,600,D,FT ,64,CLM,36000,257
BEL,10/14/2019,5,850,I,FM ,66,MCL,46000,332
BEL,10/14/2019,6,700,T,FM ,126,MSW,75000,405
BEL,10/14/2019,7,850,D,FT ,50,ALW,77000,440
BEL,10/14/2019,8,900,I,FM ,138,STK,200000,511
BEL,10/14/2019,9,600,D,FT ,64,CLM,28000,541
BEL,10/16/2019,1,600,D,FT ,64,MCL,30000,116
BEL,10/16/2019,2,600,D,FT ,64,STR,55000,147
BEL,10/16/2019,3,850,I,FM ,76,MCL,41000,220
BEL,10/16/2019,4,650,D,GD ,38,CLM,28000,251
BEL,10/16/2019,5,800,T,FM ,175,MSW,62000,326
BEL,10/16/2019,6,700,D,GD ,48,STR,55000,356
BEL,10/16/2019,7,600,D,MY ,64,ALW,77000,428
BEL,10/16/2019,8,850,D,MY ,50,CLM,39000,459
BEL,10/18/2019,1,700,T,GD ,90,MCL,52000,116
BEL,10/18/2019,2,600,D,FT ,56,MCL,33000,149
BEL,10/18/2019,3,700,T,GD ,90,STR,50000,225
BEL,10/18/2019,4,700,D,FT ,54,CLM,28000,259
BEL,10/18/2019,5,850,I,GD ,76,CLM,39000,334
BEL,10/18/2019,6,700,T,GD ,90,ALW,66000,409
BEL,10/18/2019,7,650,D,FT ,45,AOC,70000,444
BEL,10/18/2019,8,850,I,GD ,76,MCL,41000,515
BEL,10/19/2019,1,900,I,FM ,236,ALW,66000,1220
BEL,10/19/2019,2,800,D,FT ,78,STK,250000,1254
BEL,10/19/2019,3,600,D,FT ,65,MSW,62000,126
BEL,10/19/2019,4,850,T,FM ,171,STK,200000,159
BEL,10/19/2019,5,900,D,FT ,20,STK,300000,234
BEL,10/19/2019,6,650,D,FT ,56,STK,150000,308
BEL,10/19/2019,7,650,D,FT ,56,STK,150000,342
BEL,10/19/2019,8,800,D,FT ,78,STK,250000,416
BEL,10/19/2019,9,850,I,FM ,76,STK,200000,448
BEL,10/19/2019,10,800,D,FT ,78,STK,250000,521
BEL,10/19/2019,11,700,T,FM ,90,MSW,62000,553
BEL,10/20/2019,1,800,D,FT ,72,CLM,38000,1245
BEL,10/20/2019,2,600,T,FM ,156,MSW,75000,119
BEL,10/20/2019,3,700,D,FT ,54,CLM,28000,145
BEL,10/20/2019,4,900,I,FM ,234,MSW,75000,214
BEL,10/20/2019,5,800,D,FT ,72,STR,55000,243
BEL,10/20/2019,6,900,I,FM ,234,AOC,85000,312
BEL,10/20/2019,7,800,T,FM ,178,CLM,55000,341
BEL,10/20/2019,8,650,D,FT ,45,MSW,75000,413
BEL,10/20/2019,9,850,I,FM ,78,STK,200000,441
BEL,10/20/2019,10,700,T,GD ,90,WMC,41000,512
BEL,10/23/2019,1,600,D,MY ,65,CLM,28000,115
BEL,10/23/2019,2,650,D,MY ,52,MCL,30000,149
BEL,10/23/2019,3,850,D,MY ,48,CLM,32000,223
BEL,10/23/2019,4,700,D,MY ,54,MSW,62000,257
BEL,10/23/2019,5,600,D,GD ,65,MSW,75000,332
BEL,10/23/2019,6,600,D,GD ,65,ALW,66000,405
BEL,10/23/2019,7,900,D,GD ,20,ALW,77000,440
BEL,10/23/2019,8,850,D,GD ,48,MSW,62000,511
BEL,10/24/2019,1,600,D,FT ,56,MCL,35000,115
BEL,10/24/2019,2,600,D,FT ,56,MSW,62000,149
BEL,10/24/2019,3,800,T,GD ,144,CLM,60000,223
BEL,10/24/2019,4,850,D,FT ,52,MSW,75000,302
BEL,10/24/2019,5,600,I,GD ,138,ALW,77000,336
BEL,10/24/2019,6,800,D,FT ,72,ALW,66000,413
BEL,10/24/2019,7,700,T,GD ,76,AOC,80000,445
BEL,10/24/2019,8,850,I,GD ,74,MSW,75000,517
BEL,10/25/2019,1,850,D,FT ,50,MSW,75000,115
BEL,10/25/2019,2,850,I,GD ,76,MSW,62000,149
BEL,10/25/2019,3,850,D,FT ,50,AOC,85000,223
BEL,10/25/2019,4,700,T,GD ,82,AOC,70000,259
BEL,10/25/2019,5,650,D,FT ,48,STR,55000,335
BEL,10/25/2019,6,700,T,GD ,82,MSW,75000,409
BEL,10/25/2019,7,850,D,FT ,50,CLM,65000,441
BEL,10/25/2019,8,700,T,GD ,82,AOC,85000,514
BEL,10/25/2019,9,600,I,GD ,138,MCL,41000,543
BEL,10/26/2019,1,850,D,FT ,54,MSW,75000,1246
BEL,10/26/2019,2,850,I,GD ,78,MSW,62000,119
BEL,10/26/2019,3,600,D,FT ,68,WCL,36000,153
BEL,10/26/2019,4,650,D,FT ,44,MSW,62000,226
BEL,10/26/2019,5,800,T,GD ,144,STK,100000,259
BEL,10/26/2019,6,900,I,GD ,189,MSW,75000,337
BEL,10/26/2019,7,850,T,GD ,135,ALW,77000,414
BEL,10/26/2019,8,700,D,FT ,63,STK,200000,447
BEL,10/26/2019,9,800,T,GD ,144,STK,100000,519
BEL,10/26/2019,10,600,I,GD ,138,ALW,66000,551
BEL,10/27/2019,1,850,D,SY ,48,MSW,75000,1221
SAR,7/11/2019,1,950,D,FT ,48,CLM,32000,102
SAR,7/11/2019,2,550,T,FM ,85,MSW,90000,136
SAR,7/11/2019,3,900,D,FT ,84,ALW,92000,213
SAR,7/11/2019,4,800,I,FM ,78,CLM,50000,248
SAR,7/11/2019,5,550,D,FT ,52,MSW,78000,329
SAR,7/11/2019,6,550,T,GD ,85,ALW,80000,403
SAR,7/11/2019,7,900,I,YL ,90,AOC,83000,439
SAR,7/11/2019,8,600,D,MY ,45,STK,150000,515
SAR,7/11/2019,9,550,T,YL ,85,STK,100000,548
SAR,7/11/2019,10,900,D,SY ,81,MCL,48000,625
SAR,7/12/2019,1,900,D,FT ,86,MCL,40000,102
SAR,7/12/2019,2,900,D,FT ,82,MSW,78000,137
SAR,7/12/2019,3,850,T,YL ,126,AOC,95000,212
SAR,7/12/2019,4,700,D,FT ,27,CLM,34000,248
SAR,7/12/2019,5,550,D,FT ,48,MSW,90000,328
SAR,7/12/2019,6,900,D,FT ,80,CLM,70000,404
SAR,7/12/2019,7,550,D,FT ,45,ALW,80000,440
SAR,7/12/2019,8,900,D,FT ,80,AOC,80000,515
SAR,7/12/2019,9,800,I,YL ,78,STK,150000,551
SAR,7/12/2019,10,550,D,FT ,45,MCL,48000,625
SAR,7/13/2019,1,700,D,FT ,30,CLM,35000,104
SAR,7/13/2019,2,550,T,GD ,85,MCL,48000,137
SAR,7/13/2019,3,600,D,FT ,45,STK,150000,210
SAR,7/13/2019,4,550,D,FT ,50,MSW,90000,247
SAR,7/13/2019,5,550,T,GD ,85,ALW,92000,324
SAR,7/13/2019,6,850,I,GD ,24,MSW,90000,404
SAR,7/13/2019,7,600,D,FT ,48,ALW,80000,437
SAR,7/13/2019,8,550,T,GD ,85,MSW,90000,511
SAR,7/13/2019,9,900,I,GD ,86,STK,500000,547
SAR,7/13/2019,10,700,D,FT ,30,ALW,92000,619
SAR,7/13/2019,11,800,I,GD ,81,CLM,52000,656
SAR,7/14/2019,1,850,I,FM ,28,MSW,90000,103
SAR,7/14/2019,2,600,D,FT ,48,WCL,45000,136
SAR,7/14/2019,3,550,T,FM ,86,MSW,78000,213
SAR,7/14/2019,4,550,D,FT ,45,MSW,78000,249
SAR,7/14/2019,5,800,I,FM ,80,CLM,65000,329
SAR,7/14/2019,6,900,T,FM ,134,ALW,80000,405
SAR,7/14/2019,7,650,D,FT ,72,AOC,83000,441
SAR,7/14/2019,8,850,I,FM ,28,AOC,92000,516
SAR,7/14/2019,9,550,T,FM ,86,STK,100000,552
SAR,7/14/2019,10,700,D,FT ,27,MCL,40000,628
SAR,7/17/2019,2,600,D,SY ,48,STK,100000,126
SAR,7/17/2019,3,550,D,SY ,50,AOC,95000,210
SAR,7/17/2019,4,700,D,SY ,30,CLM,65000,251
SAR,7/17/2019,5,550,D,SY ,50,MSW,75000,324
SAR,7/17/2019,6,550,D,SY ,50,CLM,48000,402
SAR,7/17/2019,7,700,D,SY ,30,MSW,90000,436
SAR,7/17/2019,8,700,D,MY ,30,CLM,80000,510
SAR,7/17/2019,9,600,D,MY ,48,AOC,95000,545
SAR,7/17/2019,10,550,D,MY ,50,MSW,78000,620
SAR,7/18/2019,1,700,D,FT ,30,STR,60000,102
SAR,7/18/2019,2,550,D,FT ,45,MSW,75000,136
SAR,7/18/2019,3,600,D,FT ,48,STK,100000,212
SAR,7/18/2019,4,1100,I,GD ,225,AOC,92000,248
SAR,7/18/2019,5,550,D,FT ,45,MSW,78000,329
SAR,7/18/2019,6,900,D,FT ,78,MSW,90000,404
SAR,7/18/2019,7,550,D,FT ,45,MCL,48000,439
SAR,7/18/2019,8,850,T,GD ,126,AOC,92000,515
SAR,7/18/2019,9,900,D,FT ,78,AOC,95000,551
SAR,7/18/2019,10,550,D,FT ,45,AOC,83000,625
SAR,7/19/2019,1,700,D,FT ,30,MCL,42000,100
SAR,7/19/2019,2,700,D,FT ,30,CLM,52000,137
SAR,7/19/2019,3,550,T,FM ,85,MSW,78000,213
SAR,7/19/2019,4,700,D,FT ,30,CLM,45000,248
SAR,7/19/2019,5,600,D,FT ,48,MSW,90000,331
SAR,7/19/2019,6,850,T,FM ,130,STR,60000,404
SAR,7/19/2019,7,1100,I,FM ,225,AOC,95000,441
SAR,7/19/2019,8,600,D,FT ,48,AOC,98000,515
SAR,7/19/2019,9,800,I,FM ,90,STK,150000,551
SAR,7/19/2019,10,900,D,FT ,78,MCL,48000,625
SAR,7/21/2019,1,1650,M,FM ,0,ALW,65000,1220
SAR,7/21/2019,2,700,D,FT ,30,CLM,35000,1255
SAR,7/21/2019,3,900,T,FM ,96,MCL,55000,130
SAR,7/21/2019,4,900,D,FT ,80,STK,500000,207
SAR,7/21/2019,5,900,D,FT ,76,MSW,90000,244
SAR,7/21/2019,6,800,I,FM ,74,CLM,48000,322
SAR,7/21/2019,7,550,T,FM ,88,MSW,90000,357
SAR,7/21/2019,8,600,D,FT ,50,MSW,90000,433
SAR,7/21/2019,9,800,I,FM ,74,ALW,92000,510
SAR,7/21/2019,10,700,D,FT ,30,AOC,95000,543
SAR,7/21/2019,11,550,T,FM ,88,STK,200000,616
SAR,7/21/2019,12,850,I,FM ,27,ALW,80000,648
SAR,7/21/2019,13,900,D,FT ,76,STK,200000,720
SAR,7/24/2019,1,1650,M,GD ,0,STK,75000,1250
SAR,7/24/2019,2,700,D,FT ,32,MSW,78000,125
SAR,7/24/2019,3,700,D,FT ,32,MSW,78000,201
SAR,7/24/2019,4,950,T,GD ,196,AOC,98000,236
SAR,7/24/2019,5,700,D,FT ,32,CLM,50000,316
SAR,7/24/2019,6,550,D,FT ,48,MSW,90000,357
SAR,7/24/2019,7,800,I,GD ,125,STK,150000,432
SAR,7/24/2019,8,600,D,FT ,50,STK,200000,509
SAR,7/24/2019,9,550,T,GD ,78,AOC,95000,545
SAR,7/24/2019,10,700,D,FT ,32,ALW,92000,620
SAR,7/25/2019,1,1650,M,FM ,0,STK,150000,1245
SAR,7/25/2019,2,550,D,FT ,45,MCL,52000,119
SAR,7/25/2019,3,900,D,FT ,77,AOC,80000,151
SAR,7/25/2019,4,1100,I,GD ,280,MSW,90000,224
SAR,7/26/2019,1,700,D,MY ,32,MCL,40000,100
SAR,7/26/2019,2,700,D,MY ,32,MSW,78000,137
SAR,7/26/2019,3,550,D,MY ,45,ALW,92000,212
SAR,7/26/2019,4,900,D,MY ,77,AOC,95000,249
SAR,7/26/2019,5,600,D,MY ,50,CLM,34000,329
SAR,7/26/2019,6,950,T,YL ,135,MSW,90000,404
SAR,7/26/2019,7,700,D,MY ,32,STR,60000,439
SAR,7/26/2019,8,550,T,YL ,63,AOC,83000,515
SAR,7/26/2019,9,900,D,MY ,77,STK,100000,551
SAR,7/26/2019,10,700,D,MY ,32,MCL,48000,625
SAR,7/27/2019,1,550,T,GD ,74,MCL,48000,102
SAR,7/27/2019,2,600,D,FT ,45,MSW,90000,136
SAR,7/27/2019,3,550,T,GD ,74,CLM,52000,210
SAR,7/27/2019,4,550,D,FT ,50,MSW,90000,247
SAR,7/27/2019,5,850,I,GD ,28,AOC,95000,320
SAR,7/27/2019,6,600,D,FT ,45,ALW,80000,358
SAR,7/27/2019,7,850,T,GD ,128,MSW,90000,432
SAR,7/27/2019,8,600,D,FT ,45,ALW,92000,514
SAR,7/27/2019,9,600,D,FT ,45,STK,350000,547
SAR,7/27/2019,10,1100,I,FM ,126,STK,250000,619
SAR,7/27/2019,11,900,D,FT ,76,STK,600000,651
SAR,7/27/2019,12,800,I,FM ,36,CLM,48000,723
SAR,7/28/2019,1,600,D,FT ,47,MSW,78000,104
SAR,7/28/2019,2,700,D,FT ,32,CLM,32000,135
SAR,7/28/2019,3,550,T,FM ,54,STR,60000,206
SAR,7/28/2019,4,700,D,FT ,32,ALW,80000,240
SAR,7/28/2019,5,800,I,FM ,84,CLM,48000,314
SAR,7/28/2019,6,900,D,FT ,78,CLM,65000,346
SAR,7/28/2019,7,800,I,FM ,84,MSW,90000,423
SAR,7/28/2019,8,600,D,FT ,47,MSW,78000,456
SAR,7/28/2019,9,550,T,FM ,54,STR,75000,529
SAR,7/28/2019,10,1100,I,FM ,280,AOC,92000,604
SAR,7/28/2019,11,650,D,FT ,82,STK,200000,639
SAR,7/28/2019,12,550,T,FM ,54,MCL,48000,712
SAR,7/31/2019,1,900,D,FT ,76,STR,60000,103
SAR,7/31/2019,2,650,D,FT ,82,CLM,45000,146
SAR,7/31/2019,3,600,D,FT ,45,MSW,78000,216
SAR,7/31/2019,4,800,I,GD ,92,STK,150000,250
SAR,7/31/2019,5,550,D,FT ,45,MSW,75000,328
SAR,7/31/2019,6,550,D,FT ,45,MSW,90000,405
SAR,7/31/2019,7,850,I,GD ,36,ALW,92000,439
SAR,7/31/2019,8,550,T,GD ,58,ALW,80000,516
SAR,7/31/2019,9,700,D,FT ,30,STK,100000,551
SAR,7/31/2019,10,850,T,GD ,128,MCL,48000,626
SAR,8/1/2019,1,550,T,FM ,54,MSW,75000,103
SAR,8/1/2019,2,600,D,FT ,52,STR,60000,136
SAR,8/1/2019,3,550,D,FT ,54,MCL,52000,212
SAR,8/1/2019,4,850,I,FM ,38,MCL,48000,248
SAR,8/1/2019,5,550,T,FM ,54,CLM,48000,330
SAR,8/1/2019,6,900,D,FT ,78,CLM,35000,407
SAR,8/1/2019,7,800,I,FM ,92,AOC,83000,441
SAR,8/1/2019,8,950,T,FM ,190,AOC,95000,516
SAR,8/1/2019,9,1400,D,FT ,63,STK,100000,551
SAR,8/1/2019,10,800,I,FM ,92,MSW,78000,629
SAR,8/2/2019,1,600,D,FT ,48,MCL,40000,100
SAR,8/2/2019,2,700,D,FT ,30,CLM,32000,136
SAR,8/2/2019,3,550,T,FM ,66,MSW,78000,213
SAR,8/2/2019,4,800,I,FM ,117,AOC,83000,248
SAR,8/2/2019,5,900,D,FT ,77,CLM,34000,326
SAR,8/2/2019,6,850,T,FM ,108,CLM,50000,404
SAR,8/2/2019,7,800,I,FM ,121,STK,200000,439
SAR,8/2/2019,8,900,D,FT ,74,STK,100000,515
SAR,8/2/2019,9,950,T,FM ,45,STK,750000,551
SAR,8/2/2019,10,850,I,FM ,54,MCL,48000,631
SAR,8/3/2019,1,850,T,FM ,106,MSW,90000,100
SAR,8/3/2019,2,900,D,FT ,78,ALW,92000,136
SAR,8/3/2019,3,700,D,FT ,32,MSW,90000,211
SAR,8/3/2019,4,800,I,FM ,82,WCL,67000,246
SAR,8/3/2019,5,550,T,FM ,90,STK,200000,321
SAR,8/3/2019,6,650,D,FT ,72,MSW,90000,357
SAR,8/3/2019,7,850,I,FM ,27,STK,100000,432
SAR,8/3/2019,8,700,D,FT ,32,STK,500000,506
SAR,8/3/2019,9,900,D,FT ,77,STK,1000000,546
SAR,8/3/2019,10,800,I,FM ,82,STK,100000,623
SAR,8/3/2019,11,550,T,FM ,90,ALW,80000,657
SAR,8/4/2019,1,700,D,FT ,32,MSW,90000,101
SAR,8/4/2019,2,650,D,FT ,72,CLM,34000,136
SAR,8/4/2019,3,650,D,FT ,72,STK,100000,210
SAR,8/4/2019,4,850,T,FM ,102,MSW,90000,246
SAR,8/4/2019,5,1200,I,FM ,65,STK,200000,325
SAR,8/4/2019,6,600,D,FT ,48,CLM,52000,406
SAR,8/4/2019,7,550,T,FM ,90,AOC,95000,452
SAR,8/4/2019,8,850,I,FM ,38,ALW,80000,525
SAR,8/4/2019,9,950,T,FM ,36,STK,1000000,600
SAR,8/4/2019,10,650,D,FT ,72,STK,200000,635
SAR,8/4/2019,11,800,I,FM ,58,MSW,90000,708
SAR,8/7/2019,1,1650,M,FM ,0,STK,75000,1250
SAR,8/7/2019,2,600,D,FT ,54,MCL,42000,123
SAR,8/7/2019,3,550,T,FM ,42,MSW,78000,154
SAR,8/7/2019,4,800,I,FM ,30,CLM,70000,226
SAR,8/7/2019,5,650,D,FT ,72,MSW,78000,300
SAR,8/7/2019,6,550,T,FM ,42,STK,100000,332
SAR,8/7/2019,7,650,D,FT ,72,CLM,52000,403
SAR,8/7/2019,8,650,D,FT ,72,STR,60000,434
SAR,8/7/2019,9,900,D,FT ,78,STK,101200,507
SAR,8/7/2019,10,550,T,FM ,42,MCL,48000,537
SAR,8/8/2019,1,900,D,FT ,77,STR,40000,102
SAR,8/8/2019,2,600,D,FT ,54,CLM,52000,138
SAR,8/8/2019,3,850,I,FM ,20,CLM,55000,211
SAR,8/8/2019,4,700,D,FT ,32,CLM,65000,244
SAR,8/8/2019,5,650,D,FT ,72,MSW,78000,319
SAR,8/8/2019,6,550,T,FM ,45,MSW,90000,350
SAR,8/8/2019,7,600,D,FT ,54,AOC,83000,421
SAR,8/8/2019,8,900,D,FT ,82,STK,100000,450
SAR,8/8/2019,9,850,I,FM ,20,ALW,92000,522
SAR,8/8/2019,10,900,T,FM ,48,CLM,65000,546
SAR,8/9/2019,1,550,T,FM ,45,CLM,48000,100
SAR,8/9/2019,2,900,D,FT ,81,MCL,48000,134
SAR,8/9/2019,3,850,I,FM ,27,STR,60000,206
SAR,8/9/2019,4,550,T,FM ,45,MSW,78000,239
SAR,8/9/2019,5,900,D,FT ,76,AOC,95000,321
SAR,8/9/2019,6,550,T,FM ,45,MSW,90000,352
SAR,8/9/2019,7,700,D,FT ,32,CLM,52000,425
SAR,8/9/2019,8,800,I,FM ,30,AOC,95000,454
SAR,8/9/2019,9,600,D,FT ,48,STK,100000,526
SAR,8/9/2019,10,800,I,FM ,30,AOC,92000,558
SAR,8/10/2019,1,850,I,FM ,32,CLM,52000,100
SAR,8/10/2019,2,600,D,FT ,55,MSW,78000,136
SAR,8/10/2019,3,850,T,FM ,20,MSW,90000,211
SAR,8/10/2019,4,600,D,FT ,55,CLM,35000,246
SAR,8/10/2019,5,600,D,FT ,55,MSW,90000,321
SAR,8/10/2019,6,550,T,FM ,48,ALW,92000,401
SAR,8/10/2019,7,600,D,FT ,55,MSW,90000,443
SAR,8/10/2019,8,650,D,FT ,72,STK,200000,517
SAR,8/10/2019,9,800,I,FM ,36,STK,500000,549
SAR,8/10/2019,10,600,D,FT ,55,ALW,92000,621
SAR,8/10/2019,11,550,T,FM ,48,MCL,48000,659
SAR,8/11/2019,1,900,D,FT ,78,MSW,90000,102
SAR,8/11/2019,2,900,I,FM ,63,STR,75000,134
SAR,8/11/2019,3,850,T,FM ,22,MSW,90000,207
SAR,8/11/2019,4,600,D,FT ,52,CLM,60000,238
SAR,8/11/2019,5,550,T,FM ,54,AOC,83000,311
SAR,8/11/2019,6,600,D,FT ,52,MSW,90000,344
SAR,8/11/2019,7,900,I,FM ,63,ALW,80000,414
SAR,8/11/2019,8,700,D,FT ,32,AOC,95000,446
SAR,8/11/2019,9,550,T,FM ,54,STK,100000,421
SAR,8/11/2019,10,850,I,FM ,40,MCL,48000,555
SAR,8/14/2019,1,1650,M,FM ,32,ALW,65000,1250
SAR,8/14/2019,2,600,D,FT ,48,MSW,75000,123
SAR,8/14/2019,3,600,D,FT ,48,CLM,38000,154
SAR,8/14/2019,4,900,T,FM ,111,ALW,80000,226
SAR,8/14/2019,5,700,D,FT ,32,MSW,90000,300
SAR,8/14/2019,6,850,I,FM ,20,MSW,78000,332
SAR,8/14/2019,7,550,T,FM ,72,STK,100000,402
SAR,8/14/2019,8,700,D,FT ,32,CLM,52000,434
SAR,8/14/2019,9,850,I,FM ,20,CLM,52000,506
SAR,8/14/2019,10,550,T,FM ,72,STR,60000,538
SAR,8/15/2019,1,850,T,FM ,96,CLM,52000,102
SAR,8/15/2019,2,600,D,FT ,54,MSW,75000,134
SAR,8/15/2019,3,700,D,FT ,32,AOC,98000,206
SAR,8/15/2019,4,550,T,FM ,90,MSW,90000,240
SAR,8/15/2019,5,700,D,FT ,32,MCL,52000,312
SAR,8/15/2019,6,900,I,FM ,117,CLM,48000,342
SAR,8/15/2019,7,550,T,FM ,90,ALW,80000,414
SAR,8/15/2019,8,650,D,FT ,72,STK,100000,446
SAR,8/15/2019,9,800,I,FM ,83,MSW,78000,519
SAR,8/16/2019,1,850,I,FM ,20,MSW,78000,100
SAR,8/16/2019,2,700,D,FT ,32,CLM,80000,134
SAR,8/16/2019,3,950,T,FM ,42,MSW,90000,206
SAR,8/16/2019,4,550,D,FT ,50,MCL,42000,240
SAR,8/16/2019,5,600,D,FT ,55,AOC,95000,311
SAR,8/16/2019,6,850,T,FM ,98,CLM,50000,344
SAR,8/16/2019,7,850,I,FM ,20,AOC,98000,414
SAR,8/16/2019,8,900,D,FT ,81,AOC,80000,446
SAR,8/16/2019,9,550,T,FM ,90,STK,100000,514
SAR,8/16/2019,10,800,I,FM ,68,MCL,48000,550
SAR,8/17/2019,1,700,D,FT ,32,MSW,90000,102
SAR,8/17/2019,2,650,D,FT ,72,CLM,80000,135
SAR,8/17/2019,3,550,D,FT ,45,MCL,48000,208
SAR,8/17/2019,4,650,D,FT ,72,CLM,32000,241
SAR,8/17/2019,5,1100,I,GD ,270,AOC,95000,316
SAR,8/17/2019,6,550,T,FM ,90,ALW,92000,349
SAR,8/17/2019,7,650,D,FT ,72,MSW,90000,421
SAR,8/17/2019,8,550,T,FM ,90,STK,100000,453
SAR,8/17/2019,9,850,I,GD ,9,STK,200000,519
SAR,8/17/2019,10,1000,D,SY ,68,STK,600000,610
SAR,8/17/2019,11,700,D,SY ,32,ALW,80000,641
SAR,8/18/2019,1,550,D,GD ,44,CLM,50000,102
SAR,8/18/2019,2,700,D,GD ,32,CLM,38000,134
SAR,8/18/2019,3,700,D,GD ,32,MSW,90000,210
SAR,8/18/2019,4,800,I,GD ,162,ALW,92000,242
SAR,8/18/2019,5,550,D,FT ,44,MCL,60000,319
SAR,8/18/2019,6,650,D,FT ,72,MSW,90000,354
SAR,8/18/2019,7,550,D,FT ,44,CLM,52000,428
SAR,8/18/2019,8,700,D,FT ,32,STR,60000,508
SAR,8/18/2019,9,900,D,FT ,81,STK,100000,542
SAR,8/18/2019,10,900,D,FT ,80,CLM,48000,608
SAR,8/21/2019,2,900,D,SY ,77,AOC,92000,122
SAR,8/21/2019,3,550,D,SY ,54,MCL,60000,158
SAR,8/21/2019,4,1000,D,SY ,70,STK,100000,233
SAR,8/21/2019,5,550,D,SY ,54,MSW,78000,305
SAR,8/21/2019,6,700,D,SY ,32,MSW,75000,413
SAR,8/21/2019,7,700,D,SY ,32,CLM,42000,444
SAR,8/21/2019,8,550,D,SY ,54,CLM,57000,515
SAR,8/21/2019,9,600,D,SY ,50,ALW,80000,546
SAR,8/21/2019,10,550,D,SY ,54,CLM,52000,618
SAR,8/22/2019,1,1900,M,YL ,0,STK,150000,1250
SAR,8/22/2019,2,900,D,GD ,80,CLM,35000,122
SAR,8/22/2019,3,950,T,YL ,162,ALW,92000,154
SAR,8/22/2019,4,900,D,FT ,80,STR,60000,226
SAR,8/22/2019,5,700,D,FT ,32,MSW,75000,305
SAR,8/22/2019,6,900,D,FT ,77,MSW,90000,337
SAR,8/22/2019,7,700,D,FT ,32,MSW,78000,408
SAR,8/22/2019,8,900,D,FT ,80,AOC,83000,437
SAR,8/22/2019,9,800,I,YL ,158,STK,100000,508
SAR,8/22/2019,10,900,D,FT ,78,MCL,56000,540
SAR,8/23/2019,1,550,T,GD ,75,MSW,78000,100
SAR,8/23/2019,2,850,I,GD ,90,MSW,78000,135
SAR,8/23/2019,3,900,D,FT ,78,STK,200000,207
SAR,8/23/2019,4,550,D,FT ,50,MSW,78000,238
SAR,8/23/2019,5,850,I,GD ,90,STK,150000,310
SAR,8/23/2019,6,550,T,GD ,75,ALW,80000,343
SAR,8/23/2019,7,650,D,FT ,80,STK,200000,415
SAR,8/23/2019,8,650,D,FT ,80,STK,200000,446
SAR,8/23/2019,9,850,I,GD ,90,STK,150000,518
SAR,8/23/2019,10,900,D,FT ,80,STK,250000,552
SAR,8/23/2019,11,950,T,GD ,108,MCL,48000,624
SAR,8/24/2019,1,800,I,FM ,34,AOC,95000,1136
SAR,8/24/2019,2,600,D,FT ,45,MSW,90000,1210
SAR,8/24/2019,3,850,T,FM ,80,MSW,90000,1241
SAR,8/24/2019,4,650,D,FT ,80,ALW,92000,115
SAR,8/24/2019,5,700,D,FT ,32,STK,600000,148
SAR,8/24/2019,6,700,D,FT ,32,STK,500000,224
SAR,8/24/2019,7,700,D,FT ,32,STK,500000,300
SAR,8/24/2019,8,850,T,FM ,80,STK,400000,337
SAR,8/24/2019,9,900,D,FT ,78,STK,700000,414
SAR,8/24/2019,10,1200,I,FM ,162,STK,850000,451
SAR,8/24/2019,11,1000,D,FT ,65,STK,1250000,550
SAR,8/24/2019,12,550,T,FM ,79,AOC,83000,623
SAR,8/24/2019,13,850,I,FM ,28,MSW,90000,657
SAR,8/25/2019,1,600,D,FT ,48,MSW,90000,103
SAR,8/25/2019,2,550,T,FM ,56,MSW,90000,134
SAR,8/25/2019,3,1100,I,FM ,135,AOC,92000,206
SAR,8/25/2019,4,700,D,FT ,33,CLM,45000,239
SAR,8/25/2019,5,550,T,FM ,56,AOC,95000,311
SAR,8/25/2019,6,600,D,FT ,48,CLM,34000,343
SAR,8/25/2019,7,550,T,FM ,56,MCL,60000,415
SAR,8/25/2019,8,800,I,FM ,38,STK,100000,446
SAR,8/25/2019,9,900,D,FT ,78,ALW,92000,520
SAR,8/25/2019,10,800,I,FM ,38,MCL,48000,551
SAR,8/28/2019,1,1900,M,FM ,0,ALW,65000,1250
SAR,8/28/2019,2,600,D,FT ,50,SOC,52000,122
SAR,8/28/2019,3,850,T,FM ,92,AOC,83000,155
SAR,8/28/2019,4,600,D,FT ,50,MSW,90000,236
SAR,8/28/2019,5,800,I,FM ,27,CLM,65000,259
SAR,8/28/2019,6,600,D,FT ,50,MSW,78000,332
SAR,8/28/2019,7,550,T,FM ,54,MSW,90000,403
SAR,8/28/2019,8,600,D,FT ,50,STR,60000,439
SAR,8/28/2019,9,850,I,FM ,20,STK,150000,506
SAR,8/28/2019,10,550,T,FM ,54,MCL,48000,542
SAR,8/29/2019,1,600,D,FT ,48,MSW,78000,102
SAR,8/29/2019,2,900,I,FM ,24,AOC,83000,135
SAR,8/29/2019,3,650,D,FT ,82,CLM,42000,206
SAR,8/29/2019,4,550,T,FM ,52,STR,60000,239
SAR,8/29/2019,5,700,D,FT ,32,CLM,35000,311
SAR,8/29/2019,6,550,T,FM ,52,MSW,78000,343
SAR,8/29/2019,7,600,D,FT ,48,MSW,78000,414
SAR,8/29/2019,8,600,D,FT ,48,SOC,70000,446
SAR,8/29/2019,9,850,T,FM ,90,STK,100000,519
SAR,8/29/2019,10,800,I,FM ,27,MCL,48000,551
SAR,8/30/2019,1,700,D,FT ,32,MSW,78000,100
SAR,8/30/2019,2,900,D,FT ,78,CLM,34000,134
SAR,8/30/2019,3,550,T,FM ,24,MCL,48000,209
SAR,8/30/2019,4,600,D,FT ,48,AOC,98000,238
SAR,8/30/2019,5,800,I,FM ,20,STR,75000,310
SAR,8/30/2019,6,550,T,FM ,24,MSW,78000,344
SAR,8/30/2019,7,550,D,FT ,52,MSW,90000,415
SAR,8/30/2019,8,800,I,FM ,20,ALW,80000,446
SAR,8/30/2019,9,900,D,FT ,78,CLM,70000,519
SAR,8/30/2019,10,550,T,FM ,24,STK,100000,550
SAR,8/30/2019,11,800,I,FM ,20,ALW,80000,623
SAR,8/31/2019,1,850,I,FM ,20,MSW,90000,1232
SAR,8/31/2019,2,550,T,FM ,22,CLM,52000,103
SAR,8/31/2019,3,600,D,FT ,48,STK,250000,136
SAR,8/31/2019,4,550,T,FM ,22,AOC,95000,209
SAR,8/31/2019,5,700,D,FT ,32,MSW,90000,242
SAR,8/31/2019,6,850,I,FM ,20,STK,200000,315
SAR,8/31/2019,7,700,D,FT ,32,MSW,90000,352
SAR,8/31/2019,8,850,T,FM ,74,MSW,90000,423
SAR,8/31/2019,9,700,D,FT ,32,ALW,92000,458
SAR,8/31/2019,10,1100,I,FM ,162,STK,250000,529
SAR,8/31/2019,11,900,D,FT ,80,STK,750000,602
SAR,8/31/2019,12,600,D,FT ,48,MSW,90000,636
SAR,9/1/2019,1,550,T,FM ,24,MSW,75000,1232
SAR,9/1/2019,2,700,D,FT ,32,MCL,44000,104
SAR,9/1/2019,3,600,D,FT ,54,CLM,45000,140
SAR,9/1/2019,4,550,T,FM ,24,ALW,92000,211
SAR,9/1/2019,5,550,D,FT ,45,MCL,52000,244
SAR,9/1/2019,6,700,D,FT ,32,CLM,60000,317
SAR,9/1/2019,7,850,T,FM ,48,MSW,90000,358
SAR,9/1/2019,8,700,D,FT ,32,MSW,90000,434
SAR,9/1/2019,9,800,I,FM ,18,CLM,80000,507
SAR,9/1/2019,10,600,D,FT ,54,STR,60000,539
SAR,9/1/2019,11,700,D,FT ,32,STK,350000,611
SAR,9/1/2019,12,850,I,FM ,22,ALW,80000,641
SAR,9/2/2019,1,900,D,SY ,81,MSW,90000,1232
SAR,9/2/2019,2,650,D,SY ,80,CLM,52000,105
SAR,9/2/2019,3,700,D,SY ,32,CLM,65000,137
SAR,9/2/2019,4,900,D,SY ,80,CLM,52000,209
SAR,9/2/2019,5,900,D,SY ,81,STR,60000,240
SAR,9/2/2019,6,550,D,SY ,49,MSW,90000,320
SAR,9/2/2019,7,900,D,SY ,79,CLM,48000,356
SAR,9/2/2019,8,700,D,SY ,32,AOC,83000,433
SAR,9/2/2019,9,850,I,SF ,22,STK,250000,507
SAR,9/2/2019,10,700,D,SY ,32,STK,350000,540
SAR,9/2/2019,11,700,D,SY ,32,MCL,40000,614
